Date;MSCI
05/01/2016;71.14
06/01/2016;70.59
07/01/2016;69.49
08/01/2016;68.5
11/01/2016;68.13
12/01/2016;69.2
13/01/2016;67.76
14/01/2016;68
15/01/2016;67.45
18/01/2016;#N/A N/A
19/01/2016;66.59
20/01/2016;65.44
21/01/2016;65.58
22/01/2016;66.99
25/01/2016;66.31
26/01/2016;66.08
27/01/2016;66.21
28/01/2016;66.55
29/01/2016;68.84
01/02/2016;67.74
02/02/2016;66.79
03/02/2016;66.32
04/02/2016;66.89
05/02/2016;65.29
08/02/2016;63.16
09/02/2016;65.08
10/02/2016;66.02
11/02/2016;65.26
12/02/2016;67.26
15/02/2016;#N/A N/A
16/02/2016;68.58
17/02/2016;70.06
18/02/2016;70.64
19/02/2016;71.55
22/02/2016;72.83
23/02/2016;72.75
24/02/2016;71.45
25/02/2016;72.56
26/02/2016;72.46
29/02/2016;70.52
01/03/2016;71.51
02/03/2016;70.85
03/03/2016;70.09
04/03/2016;69.5
07/03/2016;69.96
08/03/2016;68.7
09/03/2016;69.46
10/03/2016;68.95
11/03/2016;69.62
14/03/2016;69.71
15/03/2016;69.31
16/03/2016;69.77
17/03/2016;70.23
18/03/2016;71.27
21/03/2016;71.38
22/03/2016;71.63
23/03/2016;71.6
24/03/2016;70.74
25/03/2016;#N/A N/A
28/03/2016;71.37
29/03/2016;72.67
30/03/2016;73.15
31/03/2016;74.08
01/04/2016;74.61
04/04/2016;74.2
05/04/2016;73.79
06/04/2016;74.91
07/04/2016;73.72
08/04/2016;73.44
11/04/2016;73.14
12/04/2016;73.76
13/04/2016;74.07
14/04/2016;74.35
15/04/2016;74.64
18/04/2016;75.6
19/04/2016;75.93
20/04/2016;75.56
21/04/2016;75.16
22/04/2016;75.39
25/04/2016;75.34
26/04/2016;75.97
27/04/2016;76.36
28/04/2016;75.29
29/04/2016;75.94
02/05/2016;76
03/05/2016;74.89
04/05/2016;74.75
05/05/2016;74.8
06/05/2016;75.38
09/05/2016;76.41
10/05/2016;77.37
11/05/2016;76.59
12/05/2016;75.69
13/05/2016;75.11
16/05/2016;74.99
17/05/2016;74.51
18/05/2016;74.98
19/05/2016;75.29
20/05/2016;75.99
23/05/2016;76.31
24/05/2016;78.94
25/05/2016;78.58
26/05/2016;78.45
27/05/2016;79.32
30/05/2016;#N/A N/A
31/05/2016;79.79
01/06/2016;78.71
02/06/2016;78.65
03/06/2016;77.11
06/06/2016;77.36
07/06/2016;77.88
08/06/2016;78.05
09/06/2016;78.07
10/06/2016;76.72
13/06/2016;75.81
14/06/2016;74.52
15/06/2016;74.3
16/06/2016;74.25
17/06/2016;73.67
20/06/2016;74.55
21/06/2016;74.87
22/06/2016;74.83
23/06/2016;76.66
24/06/2016;73.73
27/06/2016;71.86
28/06/2016;73.81
29/06/2016;74.91
30/06/2016;77.12
01/07/2016;76.93
04/07/2016;#N/A N/A
05/07/2016;76.78
06/07/2016;77.62
07/07/2016;78.45
08/07/2016;79.45
11/07/2016;79.38
12/07/2016;81.02
13/07/2016;81.5
14/07/2016;81.71
15/07/2016;81.49
18/07/2016;81.17
19/07/2016;81.97
20/07/2016;82.56
21/07/2016;82.47
22/07/2016;82.93
25/07/2016;82.97
26/07/2016;83.56
27/07/2016;83.5
28/07/2016;84.85
29/07/2016;86.04
01/08/2016;86
02/08/2016;84.76
03/08/2016;84.98
04/08/2016;85.38
05/08/2016;86.82
08/08/2016;86.11
09/08/2016;86.22
10/08/2016;86.09
11/08/2016;86.13
12/08/2016;86.29
15/08/2016;87.5
16/08/2016;86.65
17/08/2016;87
18/08/2016;87.17
19/08/2016;87.32
22/08/2016;87.38
23/08/2016;87.65
24/08/2016;88.11
25/08/2016;88.66
26/08/2016;88.91
29/08/2016;89.78
30/08/2016;89.97
31/08/2016;90.12
01/09/2016;89.27
02/09/2016;89.55
05/09/2016;#N/A N/A
06/09/2016;88.6
07/09/2016;89.06
08/09/2016;87.25
09/09/2016;84.73
12/09/2016;85.96
13/09/2016;84.87
14/09/2016;84.7
15/09/2016;85.86
16/09/2016;85.36
19/09/2016;85.24
20/09/2016;85.66
21/09/2016;86.74
22/09/2016;86.77
23/09/2016;86.4
26/09/2016;85.48
27/09/2016;85.31
28/09/2016;84.9
29/09/2016;83.52
30/09/2016;83.94
03/10/2016;83.51
04/10/2016;83.02
05/10/2016;83.21
06/10/2016;83.12
07/10/2016;82.66
10/10/2016;82.97
11/10/2016;80.1
12/10/2016;81.92
13/10/2016;81.96
14/10/2016;82.91
17/10/2016;82.92
18/10/2016;83
19/10/2016;82.93
20/10/2016;82.43
21/10/2016;82.9
24/10/2016;83.22
25/10/2016;83.19
26/10/2016;82.93
27/10/2016;79.6
28/10/2016;78.95
31/10/2016;80.19
01/11/2016;79.18
02/11/2016;78.82
03/11/2016;79.08
04/11/2016;79.37
07/11/2016;80.86
08/11/2016;81.08
09/11/2016;81.79
10/11/2016;81.17
11/11/2016;80
14/11/2016;77.56
15/11/2016;77.51
16/11/2016;77.93
17/11/2016;79.5
18/11/2016;79.69
21/11/2016;80.41
22/11/2016;80.01
23/11/2016;80.19
24/11/2016;#N/A N/A
25/11/2016;80.78
28/11/2016;80.28
29/11/2016;80.63
30/11/2016;78.8
01/12/2016;77.14
02/12/2016;79.33
05/12/2016;80.75
06/12/2016;79.49
07/12/2016;80.76
08/12/2016;80.7
09/12/2016;81.46
12/12/2016;80.48
13/12/2016;81.04
14/12/2016;79.85
15/12/2016;80.54
16/12/2016;79.9
19/12/2016;80.25
20/12/2016;80.74
21/12/2016;79.66
22/12/2016;78.49
23/12/2016;78.59
26/12/2016;#N/A N/A
27/12/2016;78.85
28/12/2016;78.36
29/12/2016;78.57
30/12/2016;78.78
02/01/2017;#N/A N/A
03/01/2017;78.71
04/01/2017;80.71
05/01/2017;81.64
06/01/2017;83.4
09/01/2017;82.68
10/01/2017;81.52
11/01/2017;81.52
12/01/2017;81.25
13/01/2017;82.4
16/01/2017;#N/A N/A
17/01/2017;81.1
18/01/2017;82.29
19/01/2017;81.16
20/01/2017;81.75
23/01/2017;82.13
24/01/2017;82.21
25/01/2017;82.72
26/01/2017;83.51
27/01/2017;82.76
30/01/2017;83.61
31/01/2017;82.75
01/02/2017;83.75
02/02/2017;88.91
03/02/2017;91.65
06/02/2017;93.07
07/02/2017;92.65
08/02/2017;92.61
09/02/2017;90.33
10/02/2017;91.22
13/02/2017;92.79
14/02/2017;93.95
15/02/2017;94.58
16/02/2017;94.2
17/02/2017;94.27
20/02/2017;#N/A N/A
21/02/2017;94.52
22/02/2017;94.95
23/02/2017;94.99
24/02/2017;95.54
27/02/2017;95.53
28/02/2017;94.59
01/03/2017;95.88
02/03/2017;94.95
03/03/2017;95.44
06/03/2017;94.75
07/03/2017;95.45
08/03/2017;94.46
09/03/2017;94.44
10/03/2017;94.87
13/03/2017;95.3
14/03/2017;96.33
15/03/2017;99.31
16/03/2017;97.67
17/03/2017;97.33
20/03/2017;97.42
21/03/2017;95.55
22/03/2017;96.11
23/03/2017;97.12
24/03/2017;97.44
27/03/2017;96.62
28/03/2017;96.61
29/03/2017;96.4
30/03/2017;96.71
31/03/2017;97.19
03/04/2017;96.76
04/04/2017;96.59
05/04/2017;97.85
06/04/2017;97.79
07/04/2017;97.93
10/04/2017;97.25
11/04/2017;97.5
12/04/2017;97.31
13/04/2017;96.26
14/04/2017;#N/A N/A
17/04/2017;97.99
18/04/2017;97.7
19/04/2017;98.15
20/04/2017;98.73
21/04/2017;98.03
24/04/2017;98.66
25/04/2017;99.45
26/04/2017;99.62
27/04/2017;100.4
28/04/2017;100.32
01/05/2017;100.63
02/05/2017;101.94
03/05/2017;101.41
04/05/2017;97.59
05/05/2017;99.54
08/05/2017;98.21
09/05/2017;97.65
10/05/2017;98.27
11/05/2017;98.28
12/05/2017;97.77
15/05/2017;98.8
16/05/2017;98.15
17/05/2017;97.02
18/05/2017;97.26
19/05/2017;98.88
22/05/2017;99.36
23/05/2017;98.91
24/05/2017;100.01
25/05/2017;100.93
26/05/2017;100.51
29/05/2017;#N/A N/A
30/05/2017;100.07
31/05/2017;101.73
01/06/2017;104.02
02/06/2017;104.46
05/06/2017;104.59
06/06/2017;104.17
07/06/2017;103.93
08/06/2017;103.6
09/06/2017;104.02
12/06/2017;103.82
13/06/2017;105.9
14/06/2017;105.39
15/06/2017;105.69
16/06/2017;105.62
19/06/2017;106.17
20/06/2017;103.58
21/06/2017;101.83
22/06/2017;103.33
23/06/2017;104.72
26/06/2017;104.22
27/06/2017;102.69
28/06/2017;105
29/06/2017;104.07
30/06/2017;102.99
03/07/2017;102.79
04/07/2017;#N/A N/A
05/07/2017;103.08
06/07/2017;102.28
07/07/2017;102.54
10/07/2017;102.99
11/07/2017;105.25
12/07/2017;105.4
13/07/2017;106.1
14/07/2017;107.45
17/07/2017;106.98
18/07/2017;106.98
19/07/2017;107.59
20/07/2017;107.4
21/07/2017;108.15
24/07/2017;108.98
25/07/2017;110.26
26/07/2017;110.35
27/07/2017;109.81
28/07/2017;110.37
31/07/2017;108.95
01/08/2017;110.49
02/08/2017;108.65
03/08/2017;111.71
04/08/2017;111.17
07/08/2017;111.2
08/08/2017;110.39
09/08/2017;109.68
10/08/2017;107.26
11/08/2017;107.13
14/08/2017;110.28
15/08/2017;109.27
16/08/2017;112.19
17/08/2017;110.34
18/08/2017;111.12
21/08/2017;110.32
22/08/2017;112.97
23/08/2017;112.22
24/08/2017;112.02
25/08/2017;114.26
28/08/2017;113.99
29/08/2017;113.08
30/08/2017;112.99
31/08/2017;114.61
01/09/2017;115.45
04/09/2017;#N/A N/A
05/09/2017;113.13
06/09/2017;112.09
07/09/2017;114.02
08/09/2017;114.89
11/09/2017;115.77
12/09/2017;117.74
13/09/2017;114.29
14/09/2017;113.46
15/09/2017;113.3
18/09/2017;113.15
19/09/2017;113.81
20/09/2017;114.29
21/09/2017;115.3
22/09/2017;117.42
25/09/2017;116.01
26/09/2017;115.19
27/09/2017;115.76
28/09/2017;116.97
29/09/2017;116.9
02/10/2017;116.98
03/10/2017;118.51
04/10/2017;120.14
05/10/2017;121.1
06/10/2017;121.28
09/10/2017;121.54
10/10/2017;121.92
11/10/2017;121.88
12/10/2017;122.73
13/10/2017;122.09
16/10/2017;123.48
17/10/2017;122.45
18/10/2017;122.59
19/10/2017;122
20/10/2017;122
23/10/2017;121.7
24/10/2017;120.45
25/10/2017;118.54
26/10/2017;120.25
27/10/2017;120
30/10/2017;117.65
31/10/2017;117.36
01/11/2017;117.59
02/11/2017;125.42
03/11/2017;126.04
06/11/2017;127.7
07/11/2017;125.98
08/11/2017;127.1
09/11/2017;127.88
10/11/2017;125.02
13/11/2017;125.46
14/11/2017;125.12
15/11/2017;124.23
16/11/2017;125.38
17/11/2017;126.58
20/11/2017;127.19
21/11/2017;127.5
22/11/2017;127.5
23/11/2017;#N/A N/A
24/11/2017;128.9
27/11/2017;128.75
28/11/2017;129.35
29/11/2017;127.73
30/11/2017;128.7
01/12/2017;128.95
04/12/2017;127.57
05/12/2017;128.36
06/12/2017;128
07/12/2017;128.21
08/12/2017;127.71
11/12/2017;128.34
12/12/2017;128
13/12/2017;127.29
14/12/2017;127.55
15/12/2017;127.93
18/12/2017;127.28
19/12/2017;126.97
20/12/2017;128.16
21/12/2017;128.62
22/12/2017;128.33
25/12/2017;#N/A N/A
26/12/2017;125.6
27/12/2017;125.47
28/12/2017;126.38
29/12/2017;126.54
01/01/2018;#N/A N/A
02/01/2018;127.68
03/01/2018;129.62
04/01/2018;131.66
05/01/2018;133.03
08/01/2018;133.21
09/01/2018;134.1
10/01/2018;133.75
11/01/2018;134.76
12/01/2018;135.89
15/01/2018;#N/A N/A
16/01/2018;134.33
17/01/2018;135.8
18/01/2018;136.82
19/01/2018;138.25
22/01/2018;139.27
23/01/2018;140.1
24/01/2018;138.07
25/01/2018;137.86
26/01/2018;140.57
29/01/2018;138.05
30/01/2018;138.3
31/01/2018;139.23
01/02/2018;146.32
02/02/2018;142.53
05/02/2018;135.68
06/02/2018;138.89
07/02/2018;139.76
08/02/2018;133.81
09/02/2018;136.48
12/02/2018;137.53
13/02/2018;140.59
14/02/2018;145.65
15/02/2018;148.23
16/02/2018;145
19/02/2018;#N/A N/A
20/02/2018;144.38
21/02/2018;142.79
22/02/2018;142.87
23/02/2018;144.99
26/02/2018;144.42
27/02/2018;142.84
28/02/2018;141.52
01/03/2018;142.65
02/03/2018;143.32
05/03/2018;145.93
06/03/2018;148.99
07/03/2018;148.3
08/03/2018;150.58
09/03/2018;153.12
12/03/2018;154.05
13/03/2018;151.64
14/03/2018;154.43
15/03/2018;154.95
16/03/2018;154.98
19/03/2018;155.38
20/03/2018;158.08
21/03/2018;158.26
22/03/2018;156.13
23/03/2018;154.07
26/03/2018;158.67
27/03/2018;154.04
28/03/2018;150.55
29/03/2018;149.47
30/03/2018;#N/A N/A
02/04/2018;145.94
03/04/2018;145.71
04/04/2018;146.7
05/04/2018;146.51
06/04/2018;144.05
09/04/2018;146.63
10/04/2018;149.05
11/04/2018;148.25
12/04/2018;149.3
13/04/2018;147.61
16/04/2018;149.18
17/04/2018;150.12
18/04/2018;150.43
19/04/2018;150
20/04/2018;149.59
23/04/2018;150
24/04/2018;147.69
25/04/2018;149.21
26/04/2018;149.6
27/04/2018;150.2
30/04/2018;149.83
01/05/2018;150.66
02/05/2018;150.44
03/05/2018;149.2
04/05/2018;152.13
07/05/2018;154.92
08/05/2018;155.31
09/05/2018;156.63
10/05/2018;159.85
11/05/2018;160.97
14/05/2018;160.54
15/05/2018;158.71
16/05/2018;158.32
17/05/2018;156.76
18/05/2018;156.2
21/05/2018;157.99
22/05/2018;156.53
23/05/2018;158.36
24/05/2018;159.13
25/05/2018;159.34
28/05/2018;#N/A N/A
29/05/2018;158.88
30/05/2018;161.99
31/05/2018;162.57
01/06/2018;163.4
04/06/2018;163.48
05/06/2018;163.71
06/06/2018;165.45
07/06/2018;165.22
08/06/2018;166.29
11/06/2018;166.49
12/06/2018;169.74
13/06/2018;172.2
14/06/2018;172.35
15/06/2018;172.75
18/06/2018;171.58
19/06/2018;171.76
20/06/2018;171.71
21/06/2018;170.76
22/06/2018;170.63
25/06/2018;168.56
26/06/2018;166.33
27/06/2018;163.55
28/06/2018;164.61
29/06/2018;165.43
02/07/2018;167.14
03/07/2018;165.73
04/07/2018;#N/A N/A
05/07/2018;164.91
06/07/2018;166.61
09/07/2018;168.64
10/07/2018;168.73
11/07/2018;169.28
12/07/2018;169.26
13/07/2018;169.58
16/07/2018;170.58
17/07/2018;170.74
18/07/2018;171.53
19/07/2018;170.69
20/07/2018;170.98
23/07/2018;173.29
24/07/2018;172.58
25/07/2018;176.25
26/07/2018;173.77
27/07/2018;171.57
30/07/2018;167.5
31/07/2018;166.19
01/08/2018;163
02/08/2018;170.29
03/08/2018;166.82
06/08/2018;170.17
07/08/2018;172.86
08/08/2018;172.69
09/08/2018;173.17
10/08/2018;173.13
13/08/2018;172.6
14/08/2018;175.44
15/08/2018;173.61
16/08/2018;173.92
17/08/2018;173.28
20/08/2018;174.17
21/08/2018;173.54
22/08/2018;173.14
23/08/2018;173.09
24/08/2018;174.02
27/08/2018;174.94
28/08/2018;177.16
29/08/2018;178.07
30/08/2018;177.65
31/08/2018;180.26
03/09/2018;#N/A N/A
04/09/2018;182.23
05/09/2018;178.52
06/09/2018;179.24
07/09/2018;179.18
10/09/2018;178.11
11/09/2018;177.46
12/09/2018;176.53
13/09/2018;180.54
14/09/2018;182.18
17/09/2018;177.94
18/09/2018;178.22
19/09/2018;174.53
20/09/2018;176.32
21/09/2018;176.29
24/09/2018;178.04
25/09/2018;178.9
26/09/2018;178.77
27/09/2018;178.63
28/09/2018;177.41
01/10/2018;179.8
02/10/2018;176.96
03/10/2018;177.28
04/10/2018;172.52
05/10/2018;170.57
08/10/2018;167.82
09/10/2018;166.96
10/10/2018;156.84
11/10/2018;151.59
12/10/2018;154.04
15/10/2018;151.23
16/10/2018;156.25
17/10/2018;157.28
18/10/2018;153.75
19/10/2018;153.86
22/10/2018;156.4
23/10/2018;155
24/10/2018;148.69
25/10/2018;149.34
26/10/2018;142.76
29/10/2018;143
30/10/2018;144.51
31/10/2018;150.38
01/11/2018;147.29
02/11/2018;144.11
05/11/2018;145.08
06/11/2018;147.77
07/11/2018;151.85
08/11/2018;152.01
09/11/2018;149.79
12/11/2018;148.05
13/11/2018;147.71
14/11/2018;148.17
15/11/2018;151.66
16/11/2018;153.29
19/11/2018;145.53
20/11/2018;144.35
21/11/2018;146.34
22/11/2018;#N/A N/A
23/11/2018;149.83
26/11/2018;152.4
27/11/2018;152.2
28/11/2018;158.61
29/11/2018;157.04
30/11/2018;157.09
03/12/2018;161.6
04/12/2018;154.32
05/12/2018;#N/A N/A
06/12/2018;152.32
07/12/2018;149.75
10/12/2018;150.16
11/12/2018;152
12/12/2018;153.89
13/12/2018;152.82
14/12/2018;150.45
17/12/2018;144.21
18/12/2018;144.25
19/12/2018;143.13
20/12/2018;140.95
21/12/2018;137.29
24/12/2018;135.09
25/12/2018;#N/A N/A
26/12/2018;141.53
27/12/2018;145.27
28/12/2018;145.4
31/12/2018;147.43
01/01/2019;#N/A N/A
02/01/2019;146.94
03/01/2019;141.34
04/01/2019;146.6
07/01/2019;147.28
08/01/2019;150.34
09/01/2019;151.81
10/01/2019;153.94
11/01/2019;154.83
14/01/2019;153.71
15/01/2019;157.06
16/01/2019;160.25
17/01/2019;160.73
18/01/2019;165.97
21/01/2019;#N/A N/A
22/01/2019;162.26
23/01/2019;162.78
24/01/2019;161.74
25/01/2019;163.83
28/01/2019;162.44
29/01/2019;160.85
30/01/2019;162.77
31/01/2019;170.27
01/02/2019;172.85
04/02/2019;172.56
05/02/2019;174.49
06/02/2019;171.95
07/02/2019;172.45
08/02/2019;172.29
11/02/2019;171.75
12/02/2019;174.62
13/02/2019;174.87
14/02/2019;174.13
15/02/2019;175.17
18/02/2019;#N/A N/A
19/02/2019;174.8
20/02/2019;176.11
21/02/2019;174.22
22/02/2019;177.16
25/02/2019;178.16
26/02/2019;178.33
27/02/2019;180.74
28/02/2019;184.72
01/03/2019;190.21
04/03/2019;187.16
05/03/2019;187.67
06/03/2019;186.46
07/03/2019;182.06
08/03/2019;182.44
11/03/2019;183.66
12/03/2019;185.02
13/03/2019;185.59
14/03/2019;186.81
15/03/2019;189.58
18/03/2019;190.97
19/03/2019;191.77
20/03/2019;191.97
21/03/2019;195.67
22/03/2019;191.86
25/03/2019;191.58
26/03/2019;194.44
27/03/2019;193.36
28/03/2019;196.64
29/03/2019;198.84
01/04/2019;201.88
02/04/2019;204.89
03/04/2019;206.34
04/04/2019;206.28
05/04/2019;206.99
08/04/2019;211
09/04/2019;211.89
10/04/2019;214.61
11/04/2019;216.3
12/04/2019;217.99
15/04/2019;218.99
16/04/2019;219.34
17/04/2019;219
18/04/2019;221.35
19/04/2019;#N/A N/A
22/04/2019;222.53
23/04/2019;226.03
24/04/2019;224.77
25/04/2019;223.28
26/04/2019;226.02
29/04/2019;223.78
30/04/2019;225.38
01/05/2019;222.72
02/05/2019;221.29
03/05/2019;226.93
06/05/2019;229.63
07/05/2019;221.93
08/05/2019;223.83
09/05/2019;221.88
10/05/2019;224.28
13/05/2019;215.35
14/05/2019;220.44
15/05/2019;220.9
16/05/2019;226.07
17/05/2019;224.81
20/05/2019;222.67
21/05/2019;224.91
22/05/2019;225.12
23/05/2019;217.67
24/05/2019;218.86
27/05/2019;#N/A N/A
28/05/2019;221.36
29/05/2019;220.54
30/05/2019;222.78
31/05/2019;220.01
03/06/2019;216.26
04/06/2019;224.83
05/06/2019;234.5
06/06/2019;237.58
07/06/2019;240.3
10/06/2019;243.99
11/06/2019;236.35
12/06/2019;234.85
13/06/2019;234.82
14/06/2019;235.78
17/06/2019;232.59
18/06/2019;233.59
19/06/2019;236.65
20/06/2019;237.44
21/06/2019;232.4
24/06/2019;235.01
25/06/2019;230.75
26/06/2019;231.52
27/06/2019;234.1
28/06/2019;238.79
01/07/2019;240.51
02/07/2019;244.58
03/07/2019;245.57
04/07/2019;#N/A N/A
05/07/2019;242.29
08/07/2019;234.7
09/07/2019;238
10/07/2019;238
11/07/2019;240.28
12/07/2019;245.12
15/07/2019;245.2
16/07/2019;241.57
17/07/2019;241.58
18/07/2019;245.73
19/07/2019;240.98
22/07/2019;240.59
23/07/2019;235.61
24/07/2019;232.25
25/07/2019;231.89
26/07/2019;237.27
29/07/2019;232.37
30/07/2019;227.88
31/07/2019;227.24
01/08/2019;225.33
02/08/2019;220.18
05/08/2019;209.24
06/08/2019;214.34
07/08/2019;217.18
08/08/2019;225.47
09/08/2019;224.05
12/08/2019;219.96
13/08/2019;226.31
14/08/2019;218.9
15/08/2019;222.16
16/08/2019;226.23
19/08/2019;230.31
20/08/2019;231.5
21/08/2019;235.03
22/08/2019;236
23/08/2019;233
26/08/2019;231.64
27/08/2019;231.23
28/08/2019;231.73
29/08/2019;235.61
30/08/2019;234.63
02/09/2019;#N/A N/A
03/09/2019;233.49
04/09/2019;230.2
05/09/2019;235.43
06/09/2019;241.27
09/09/2019;237.51
10/09/2019;228.43
11/09/2019;226.71
12/09/2019;232.39
13/09/2019;229.64
16/09/2019;230
17/09/2019;240.15
18/09/2019;233.75
19/09/2019;235.39
20/09/2019;225.73
23/09/2019;225.96
24/09/2019;225.61
25/09/2019;227.06
26/09/2019;223.55
27/09/2019;215.89
30/09/2019;217.75
01/10/2019;216.23
02/10/2019;212.7
03/10/2019;217.84
04/10/2019;221.01
07/10/2019;220.79
08/10/2019;214.51
09/10/2019;219.47
10/10/2019;222.65
11/10/2019;225.33
14/10/2019;225.11
15/10/2019;227.08
16/10/2019;225.98
17/10/2019;229.03
18/10/2019;224.4
21/10/2019;226.15
22/10/2019;216.38
23/10/2019;218.33
24/10/2019;222.58
25/10/2019;222.2
28/10/2019;225.03
29/10/2019;228.07
30/10/2019;229.14
31/10/2019;234.56
01/11/2019;245.91
04/11/2019;245.79
05/11/2019;238.47
06/11/2019;241.28
07/11/2019;246.68
08/11/2019;245
11/11/2019;245
12/11/2019;246.18
13/11/2019;249.21
14/11/2019;250
15/11/2019;250
18/11/2019;252.59
19/11/2019;257.5
20/11/2019;256.37
21/11/2019;255.62
22/11/2019;257.97
25/11/2019;264.01
26/11/2019;259.77
27/11/2019;258.18
28/11/2019;#N/A N/A
29/11/2019;259.19
02/12/2019;256.57
03/12/2019;254.35
04/12/2019;259.03
05/12/2019;260.42
06/12/2019;266.32
09/12/2019;263.53
10/12/2019;261.5
11/12/2019;260.79
12/12/2019;259.86
13/12/2019;260.09
16/12/2019;261.19
17/12/2019;258.49
18/12/2019;257.5
19/12/2019;259.78
20/12/2019;259.25
23/12/2019;258.72
24/12/2019;260.36
25/12/2019;#N/A N/A
26/12/2019;260.48
27/12/2019;259.99
30/12/2019;256.92
31/12/2019;258.18
01/01/2020;#N/A N/A
02/01/2020;266.05
03/01/2020;260.75
06/01/2020;262.05
07/01/2020;262.41
08/01/2020;266.56
09/01/2020;267.83
10/01/2020;265.72
13/01/2020;271.99
14/01/2020;266.67
15/01/2020;269.74
16/01/2020;277.29
17/01/2020;279.07
20/01/2020;#N/A N/A
21/01/2020;278.03
22/01/2020;279.23
23/01/2020;279.15
24/01/2020;276.11
27/01/2020;273.94
28/01/2020;278.17
29/01/2020;282.28
30/01/2020;292.77
31/01/2020;285.8
03/02/2020;292.65
04/02/2020;301.15
05/02/2020;295.18
06/02/2020;296.9
07/02/2020;297.83
10/02/2020;301.47
11/02/2020;303.57
12/02/2020;308.18
13/02/2020;313.4
14/02/2020;322.56
17/02/2020;#N/A N/A
18/02/2020;327.09
19/02/2020;332.11
20/02/2020;321.71
21/02/2020;309.08
24/02/2020;303.53
25/02/2020;300.31
26/02/2020;305.61
27/02/2020;297.36
28/02/2020;295.44
02/03/2020;315.53
03/03/2020;308.65
04/03/2020;318.47
05/03/2020;300.89
06/03/2020;285.84
09/03/2020;257.85
10/03/2020;274.51
11/03/2020;262.58
12/03/2020;256.69
13/03/2020;283.4
16/03/2020;246.4
17/03/2020;257.6
18/03/2020;224.65
19/03/2020;237.35
20/03/2020;243.07
23/03/2020;231.55
24/03/2020;273.31
25/03/2020;263.77
26/03/2020;291.86
27/03/2020;275.74
30/03/2020;293.72
31/03/2020;288.96
01/04/2020;271.28
02/04/2020;286.99
03/04/2020;270.61
06/04/2020;302.49
07/04/2020;286.08
08/04/2020;297.18
09/04/2020;310.69
10/04/2020;#N/A N/A
13/04/2020;309.52
14/04/2020;313.41
15/04/2020;309.62
16/04/2020;309.4
17/04/2020;317.18
20/04/2020;321.95
21/04/2020;311.32
22/04/2020;320.62
23/04/2020;317.44
24/04/2020;324.89
27/04/2020;331.61
28/04/2020;319.16
29/04/2020;334.7
30/04/2020;327
01/05/2020;319.94
04/05/2020;321.46
05/05/2020;337.34
06/05/2020;330.25
07/05/2020;334.1
08/05/2020;333.58
11/05/2020;347.25
12/05/2020;347.12
13/05/2020;335.62
14/05/2020;342.05
15/05/2020;341.22
18/05/2020;346.75
19/05/2020;337.53
20/05/2020;341.51
21/05/2020;333.35
22/05/2020;337.97
25/05/2020;#N/A N/A
26/05/2020;326.17
27/05/2020;315.17
28/05/2020;322.68
29/05/2020;328.85
01/06/2020;335.37
02/06/2020;324.92
03/06/2020;318.58
04/06/2020;311.58
05/06/2020;330.88
08/06/2020;331.09
09/06/2020;327.16
10/06/2020;331.27
11/06/2020;299.94
12/06/2020;320.95
15/06/2020;322.12
16/06/2020;322.9
17/06/2020;325.9
18/06/2020;330.07
19/06/2020;333.46
22/06/2020;337.55
23/06/2020;334.82
24/06/2020;328.36
25/06/2020;342.17
26/06/2020;332.2
29/06/2020;325.75
30/06/2020;333.82
01/07/2020;340.93
02/07/2020;342.13
03/07/2020;#N/A N/A
06/07/2020;351.21
07/07/2020;352.61
08/07/2020;370.71
09/07/2020;375.14
10/07/2020;370.95
13/07/2020;363.87
14/07/2020;369.08
15/07/2020;376.25
16/07/2020;370.16
17/07/2020;379.62
20/07/2020;389.02
21/07/2020;389.05
22/07/2020;390.12
23/07/2020;384.98
24/07/2020;385.65
27/07/2020;394
28/07/2020;376.25
29/07/2020;383.02
30/07/2020;374.54
31/07/2020;375.98
03/08/2020;371.91
04/08/2020;364.35
05/08/2020;364.58
06/08/2020;372.72
07/08/2020;362.37
10/08/2020;354.31
11/08/2020;350.53
12/08/2020;354.77
13/08/2020;359.87
14/08/2020;356.41
17/08/2020;361.66
18/08/2020;366.2
19/08/2020;371.4
20/08/2020;368.74
21/08/2020;363.69
24/08/2020;363.99
25/08/2020;365.53
26/08/2020;371.6
27/08/2020;369.89
28/08/2020;373.68
31/08/2020;373.27
01/09/2020;377.56
02/09/2020;378.59
03/09/2020;360.46
04/09/2020;348.18
07/09/2020;#N/A N/A
08/09/2020;339.64
09/09/2020;348.69
10/09/2020;342.53
11/09/2020;339.25
14/09/2020;342.37
15/09/2020;346
16/09/2020;344.47
17/09/2020;340.36
18/09/2020;344.96
21/09/2020;351.73
22/09/2020;351.24
23/09/2020;345.46
24/09/2020;346.12
25/09/2020;352.96
28/09/2020;354.47
29/09/2020;356.03
30/09/2020;356.78
01/10/2020;359.54
02/10/2020;348.16
05/10/2020;351.31
06/10/2020;347.92
07/10/2020;342.81
08/10/2020;346.4
09/10/2020;352.33
12/10/2020;352.64
13/10/2020;359.97
14/10/2020;359.04
15/10/2020;361.62
16/10/2020;365.61
19/10/2020;362.67
20/10/2020;358.57
21/10/2020;350.01
22/10/2020;347.63
23/10/2020;350.55
26/10/2020;349.56
27/10/2020;356.9
28/10/2020;340.68
29/10/2020;345.49
30/10/2020;349.84
02/11/2020;356.85
03/11/2020;369.47
04/11/2020;398.22
05/11/2020;417.73
06/11/2020;421.15
09/11/2020;390.46
10/11/2020;379.82
11/11/2020;397.02
12/11/2020;389.48
13/11/2020;388.42
16/11/2020;397.6
17/11/2020;403.64
18/11/2020;399.95
19/11/2020;400.79
20/11/2020;400.3
23/11/2020;401.97
24/11/2020;399.64
25/11/2020;403.95
26/11/2020;#N/A N/A
27/11/2020;402.25
30/11/2020;409.42
01/12/2020;414.5
02/12/2020;416.16
03/12/2020;419.3
04/12/2020;421.71
07/12/2020;422.82
08/12/2020;426.4
09/12/2020;414.62
10/12/2020;422.6
11/12/2020;419.47
14/12/2020;423.9
15/12/2020;424
16/12/2020;429.84
17/12/2020;436.78
18/12/2020;443.06
21/12/2020;435.04
22/12/2020;437.58
23/12/2020;428.63
24/12/2020;432.46
25/12/2020;#N/A N/A
28/12/2020;436.37
29/12/2020;434.57
30/12/2020;436.99
31/12/2020;446.53
01/01/2021;#N/A N/A
04/01/2021;437.64
05/01/2021;431.37
06/01/2021;435.17
07/01/2021;443.64
08/01/2021;452.68
11/01/2021;451.79
12/01/2021;453.19
13/01/2021;438.4
14/01/2021;409.52
15/01/2021;415.3
18/01/2021;#N/A N/A
19/01/2021;411.48
20/01/2021;418.52
21/01/2021;414.35
22/01/2021;411.88
25/01/2021;403.49
26/01/2021;404.61
27/01/2021;393.34
28/01/2021;395.23
29/01/2021;395.3
01/02/2021;416.25
02/02/2021;425.13
03/02/2021;416.87
04/02/2021;430.19
05/02/2021;429.81
08/02/2021;422.73
09/02/2021;417.97
10/02/2021;419.66
11/02/2021;426.86
12/02/2021;434.77
15/02/2021;#N/A N/A
16/02/2021;440.92
17/02/2021;439.32
18/02/2021;437.55
19/02/2021;432.97
22/02/2021;413.6
23/02/2021;415.15
24/02/2021;417.23
25/02/2021;406.3
26/02/2021;414.52
01/03/2021;420.03
02/03/2021;418.81
03/03/2021;409.72
04/03/2021;409
05/03/2021;414.72
08/03/2021;402.63
09/03/2021;414.52
10/03/2021;409.82
11/03/2021;410.06
12/03/2021;416.53
15/03/2021;419.55
16/03/2021;416.58
17/03/2021;413.17
18/03/2021;405.62
19/03/2021;410.36
22/03/2021;419.36
23/03/2021;420.76
24/03/2021;424.03
25/03/2021;412.05
26/03/2021;424.87
29/03/2021;426.37
30/03/2021;417.51
31/03/2021;419.28
01/04/2021;428.55
02/04/2021;#N/A N/A
05/04/2021;440.61
06/04/2021;440.1
07/04/2021;437.45
08/04/2021;445.29
09/04/2021;448.5
12/04/2021;453.14
13/04/2021;460
14/04/2021;457.41
15/04/2021;469.65
16/04/2021;473.52
19/04/2021;468.27
20/04/2021;468.03
21/04/2021;470.62
22/04/2021;471.75
23/04/2021;486.5
26/04/2021;487
27/04/2021;487.61
28/04/2021;484.03
29/04/2021;494.83
30/04/2021;485.77
03/05/2021;486.2
04/05/2021;482.5
05/05/2021;478.18
06/05/2021;475.91
07/05/2021;482.31
10/05/2021;476.89
11/05/2021;472.67
12/05/2021;460.18
13/05/2021;461.09
14/05/2021;463.46
17/05/2021;455.78
18/05/2021;454.09
19/05/2021;447.59
20/05/2021;457.23
21/05/2021;456.88
24/05/2021;462.85
25/05/2021;464.61
26/05/2021;465.1
27/05/2021;464.37
28/05/2021;468.13
31/05/2021;#N/A N/A
01/06/2021;461.97
02/06/2021;468.87
03/06/2021;461.98
04/06/2021;466.36
07/06/2021;464.37
08/06/2021;463.37
09/06/2021;465.83
10/06/2021;476.46
11/06/2021;479.51
14/06/2021;490.76
15/06/2021;495
16/06/2021;495.9
17/06/2021;505.54
18/06/2021;502.9
21/06/2021;515.59
22/06/2021;522.19
23/06/2021;523.86
24/06/2021;533.08
25/06/2021;531.75
28/06/2021;534.47
29/06/2021;542.17
30/06/2021;533.08
01/07/2021;534.03
02/07/2021;541.91
05/07/2021;#N/A N/A
06/07/2021;550.02
07/07/2021;555.77
08/07/2021;553.54
09/07/2021;560.23
12/07/2021;559.95
13/07/2021;557.57
14/07/2021;555.19
15/07/2021;559.85
16/07/2021;564.83
;
;
;
;
;
;
;
;
;
;
;
;
;
;
;
;
;
;
;
;
;
;
;
;
;
;
;
;
;
;
;
;
;
;
;
;
;
;
;
;
;
;
;
