fecha,hora,sec,centseg,volumen,id_orden,tipo_orden,precio
2018-01-03,09:00:12,17962,143,53,2,OPE,8.23500
2018-01-03,09:00:12,17982,145,40,4,OPE,8.23500
2018-01-03,09:00:12,17994,151,272,6,OPE,8.23500
2018-01-03,09:00:12,18045,158,1032,14,OPE,8.23500
2018-01-03,09:00:12,18019,154,162,10,OPE,8.23500
2018-01-03,09:00:12,18007,152,3,8,OPE,8.23500
2018-01-03,09:00:12,18032,156,158,12,OPE,8.23500
2018-01-03,09:04:50,40415,889,66,55,LMT,8.24500
2018-01-03,09:05:50,44937,972,86,55,LMT,8.24500
2018-01-03,09:05:51,44949,74,4,84,LMT,8.29000
2018-01-03,09:05:51,44953,114,1,84,LMT,8.29000
2018-01-03,09:05:51,44955,114,4,84,LMT,8.29000
2018-01-03,09:06:05,45870,866,1700,106,LMT,8.33000
2018-01-03,09:06:05,45895,985,2400,106,LMT,8.33000
2018-01-03,09:06:05,45859,818,420,96,LMT,8.29000
2018-01-03,09:06:06,45924,523,300,45,LMT,8.23000
2018-01-03,09:06:06,45924,523,185,53,LMT,8.23000
2018-01-03,09:06:05,45870,866,785,111,LMT,8.32000
2018-01-03,09:06:05,45870,866,800,54,LMT,8.33000
2018-01-03,09:06:05,45870,866,1000,54,LMT,8.33000
2018-01-03,09:06:06,45924,523,211,85,LMT,8.23000
2018-01-03,09:21:22,126015,825,891,180,LMT,8.25000
2018-01-03,09:07:25,51182,289,87,134,LMT,8.23500
2018-01-03,09:21:20,125646,467,650,168,LMT,8.25000
2018-01-03,09:21:20,125646,467,324,174,LMT,8.25000
2018-01-03,09:21:22,126015,825,156,175,LMT,8.25000
2018-01-03,09:21:22,126015,825,1,176,LMT,8.25000
2018-01-03,09:21:25,126665,801,1,190,LMT,8.25000
2018-01-03,09:21:25,126665,801,164,193,LMT,8.25000
2018-01-03,09:22:14,132497,950,650,246,LMT,8.31500
2018-01-03,09:22:14,132497,950,973,248,LMT,8.31500
2018-01-03,09:22:14,132500,951,308,250,LMT,8.31500
2018-01-03,09:22:14,132500,951,429,230,LMT,8.32500
2018-01-03,09:22:14,132497,950,325,238,LMT,8.31500
2018-01-03,09:21:40,128692,511,237,199,LMT,8.25500
2018-01-03,09:21:48,129201,626,94,199,LMT,8.25500
2018-01-03,09:22:15,132515,7,109,199,LMT,8.25500
2018-01-03,09:23:40,141015,812,250,300,LMT,8.30000
2018-01-03,09:28:44,165406,590,109,300,LMT,8.30000
2018-01-03,09:28:44,165406,590,386,307,LMT,8.30000
2018-01-03,09:28:44,165409,591,155,326,LMT,8.30000
2018-01-03,09:28:44,165437,679,81,341,LMT,8.28500
2018-01-03,09:28:44,165439,680,865,341,LMT,8.28500
2018-01-03,09:28:54,166284,698,1,363,LMT,8.27000
2018-01-03,09:28:54,166284,698,54,354,LMT,8.27000
2018-01-03,09:22:55,137282,489,824,244,LMT,8.25500
2018-01-03,09:23:11,138872,838,68,244,LMT,8.25500
2018-01-03,09:23:40,141022,840,78,244,LMT,8.25500
2018-01-03,09:25:01,147114,913,491,244,LMT,8.25500
2018-01-03,09:25:12,147677,24,128,244,LMT,8.25500
2018-01-03,09:29:16,168560,291,235,385,LMT,8.27500
2018-01-03,09:29:16,168562,292,82,385,LMT,8.27500
2018-01-03,09:29:15,168529,945,13,375,LMT,8.29500
2018-01-03,09:31:34,178850,721,360,406,LMT,8.27500
2018-01-03,09:28:54,166284,698,27,368,LMT,8.27000
2018-01-03,09:34:22,190111,262,650,505,LMT,8.28500
2018-01-03,09:34:21,190025,252,209,464,LMT,8.30000
2018-01-03,09:34:21,190023,252,391,464,LMT,8.30000
2018-01-03,09:34:21,190025,252,218,470,LMT,8.30000
2018-01-03,09:34:21,189994,202,650,438,LMT,8.30500
2018-01-03,09:34:21,189994,202,944,450,LMT,8.30500
2018-01-03,09:34:21,189997,204,1174,450,LMT,8.30500
2018-01-03,09:34:21,189997,204,1,452,LMT,8.30500
2018-01-03,09:34:50,191705,760,175,546,LMT,8.31500
2018-01-03,09:34:24,190269,314,188,515,LMT,8.28000
2018-01-03,09:34:56,192009,490,139,515,LMT,8.28000
2018-01-03,09:35:54,195842,550,233,515,LMT,8.28000
2018-01-03,09:35:54,195842,550,115,545,LMT,8.28000
2018-01-03,09:36:34,198786,749,273,604,LMT,8.31500
2018-01-03,09:36:34,198715,542,273,566,LMT,8.31500
2018-01-03,09:36:34,198718,543,2227,583,LMT,8.31500
2018-01-03,09:36:35,198919,988,146,598,LMT,8.34500
2018-01-03,09:36:34,198789,750,94,608,LMT,8.31500
2018-01-03,09:36:48,199414,573,289,608,LMT,8.31500
2018-01-03,09:36:48,199416,575,85,608,LMT,8.31500
2018-01-03,09:36:48,199416,575,127,623,LMT,8.31500
2018-01-03,09:36:48,199416,575,650,626,LMT,8.31500
2018-01-03,09:36:34,198738,569,95,597,LMT,8.30000
2018-01-03,09:36:36,198944,82,2,635,LMT,8.33500
2018-01-03,09:44:42,231220,791,165,697,LMT,8.34500
2018-01-03,09:44:42,231220,791,120,702,LMT,8.34500
2018-01-03,09:44:42,231220,791,500,707,LMT,8.34500
2018-01-03,09:44:42,231223,792,96,58,LMT,8.35000
2018-01-03,09:44:42,231223,792,176,692,LMT,8.35000
2018-01-03,09:44:42,231223,792,722,699,LMT,8.36000
2018-01-03,09:44:42,231223,792,163,703,LMT,8.36000
2018-01-03,09:44:42,231236,821,188,723,LMT,8.27500
2018-01-03,09:44:42,231223,792,58,700,LMT,8.36500
2018-01-03,09:46:15,237184,808,132,743,LMT,8.27500
2018-01-03,09:46:15,237186,809,14,743,LMT,8.27500
2018-01-03,09:46:15,237186,809,171,757,LMT,8.27500
2018-01-03,09:47:05,239714,321,1000,800,LMT,8.28000
2018-01-03,09:47:11,240335,230,240,704,LMT,8.27000
2018-01-03,09:47:11,240335,230,49,755,LMT,8.27000
2018-01-03,09:46:11,236894,24,146,762,LMT,8.30000
2018-01-03,09:46:42,238396,11,57,762,LMT,8.30000
2018-01-03,09:47:13,240490,13,49,762,LMT,8.30000
2018-01-03,09:47:29,241989,228,248,762,LMT,8.30000
2018-01-03,09:47:11,240335,230,137,799,LMT,8.27000
2018-01-03,09:48:21,245986,343,17,799,LMT,8.27000
2018-01-03,09:48:21,245986,343,552,819,LMT,8.27000
2018-01-03,09:48:21,245991,343,217,849,LMT,8.27000
2018-01-03,09:49:07,249508,263,690,906,LMT,8.26000
2018-01-03,09:50:04,253952,496,61,913,LMT,8.26000
2018-01-03,09:50:10,254408,147,70,913,LMT,8.26000
2018-01-03,09:48:49,248255,837,162,877,LMT,8.25500
2018-01-03,09:54:09,273047,144,148,935,LMT,8.25000
2018-01-03,09:54:09,273045,143,550,798,LMT,8.25000
2018-01-03,09:54:09,273045,143,650,933,LMT,8.25000
2018-01-03,09:59:54,294272,156,535,959,LMT,8.28000
2018-01-03,10:00:12,295324,465,69,959,LMT,8.28000
2018-01-03,10:00:12,295324,465,8,992,LMT,8.28000
2018-01-03,10:17:57,370513,951,335,1032,LMT,8.30000
2018-01-03,10:17:57,370508,930,266,1032,LMT,8.30000
2018-01-03,10:17:57,370508,930,734,1013,LMT,8.30000
2018-01-03,10:30:03,417275,239,150,1082,LMT,8.30000
2018-01-03,10:30:03,417275,239,236,1084,LMT,8.30000
2018-01-03,10:30:03,417275,239,123,1083,LMT,8.30500
2018-01-03,10:33:30,433077,995,255,1118,LMT,8.29500
2018-01-03,10:37:14,452733,59,176,1113,LMT,8.32500
2018-01-03,10:31:54,423055,516,190,1108,LMT,8.31500
2018-01-03,10:37:14,452733,59,165,1108,LMT,8.31500
2018-01-03,10:37:14,452733,59,259,1072,LMT,8.32000
2018-01-03,10:37:14,452733,59,723,1104,LMT,8.32500
2018-01-03,10:38:20,458830,366,178,1144,LMT,8.30000
2018-01-03,10:38:20,458830,366,135,1145,LMT,8.30000
2018-01-03,10:38:20,458832,367,100,1154,LMT,8.30000
2018-01-03,10:33:30,433077,995,245,1121,LMT,8.29500
2018-01-03,10:38:20,458850,415,339,1121,LMT,8.29500
2018-01-03,10:38:21,459071,957,19,1121,LMT,8.29500
2018-01-03,10:38:21,459071,957,121,1122,LMT,8.29500
2018-01-03,10:38:21,459071,957,1,1130,LMT,8.29500
2018-01-03,10:38:21,459078,957,259,1194,LMT,8.29500
2018-01-03,10:38:20,458832,367,67,1161,LMT,8.30000
2018-01-03,10:38:20,458835,367,179,1161,LMT,8.30000
2018-01-03,10:38:20,458835,367,134,1167,LMT,8.30000
2018-01-03,10:51:15,514136,604,313,1241,LMT,8.31000
2018-01-03,10:51:16,514384,69,65,1251,LMT,8.31000
2018-01-03,10:51:16,514382,68,399,1251,LMT,8.31000
2018-01-03,10:40:28,470043,481,1,1206,LMT,8.28500
2018-01-03,09:54:09,273047,144,100,937,LMT,8.25000
2018-01-03,10:51:43,517965,901,153,1291,LMT,8.30500
2018-01-03,10:51:43,517963,900,123,1276,LMT,8.30500
2018-01-03,10:51:43,517963,900,603,1277,LMT,8.30500
2018-01-03,10:54:41,526660,678,900,1326,LMT,8.30500
2018-01-03,10:54:41,526664,678,513,1326,LMT,8.30500
2018-01-03,10:54:41,526664,678,470,1330,LMT,8.30500
2018-01-03,10:54:41,526666,678,943,1331,LMT,8.30500
2018-01-03,10:54:41,526666,678,40,1333,LMT,8.30500
2018-01-03,10:51:54,518887,654,170,1261,LMT,8.30000
2018-01-03,10:54:41,526668,678,983,1334,LMT,8.30500
2018-01-03,10:54:41,526673,695,390,1334,LMT,8.30500
2018-01-03,10:54:41,526673,695,647,1338,LMT,8.30500
2018-01-03,10:54:41,526687,720,478,1345,LMT,8.30500
2018-01-03,10:54:41,526693,781,155,1340,LMT,8.31500
2018-01-03,10:54:42,526749,734,299,1360,LMT,8.30500
2018-01-03,10:54:42,526749,734,290,1362,LMT,8.30500
2018-01-03,10:54:41,526655,678,836,1305,LMT,8.30500
2018-01-03,10:54:41,526657,678,577,1305,LMT,8.30500
2018-01-03,10:54:41,526657,678,323,1316,LMT,8.30500
2018-01-03,10:54:41,526660,678,83,1316,LMT,8.30500
2018-01-03,10:54:42,526749,734,305,1364,LMT,8.30500
2018-01-03,10:54:56,527454,354,162,1364,LMT,8.30500
2018-01-03,10:57:11,538166,15,34,1364,LMT,8.30500
2018-01-03,10:57:40,541810,635,153,1364,LMT,8.30500
2018-01-03,10:57:40,541810,635,311,1370,LMT,8.30500
2018-01-03,10:57:40,541810,635,231,1376,LMT,8.30500
2018-01-03,10:57:40,541843,704,141,1389,LMT,8.30500
2018-01-03,11:07:29,582611,980,187,1415,LMT,8.31000
2018-01-03,11:07:29,582603,917,64,1413,LMT,8.31500
2018-01-03,11:14:40,615306,204,349,1391,LMT,8.30500
2018-01-03,11:14:40,615306,204,43,1393,LMT,8.30500
2018-01-03,10:55:15,528610,287,643,1253,LMT,8.32000
2018-01-03,11:00:54,555832,862,245,1253,LMT,8.32000
2018-01-03,11:03:58,567697,824,40,1253,LMT,8.32000
2018-01-03,11:16:57,621827,53,615,1253,LMT,8.32000
2018-01-03,11:16:57,621827,53,370,1427,LMT,8.32000
2018-01-03,11:14:40,615306,204,593,1404,LMT,8.30500
2018-01-03,11:16:57,621827,53,107,1437,LMT,8.32000
2018-01-03,11:20:15,631842,2,122,1464,LMT,8.32000
2018-01-03,11:20:15,631829,1,176,1448,LMT,8.32000
2018-01-03,11:20:15,631831,2,74,1455,LMT,8.32000
2018-01-03,11:25:52,653054,396,1829,1484,LMT,8.32000
2018-01-03,11:25:52,653069,442,104,1484,LMT,8.32000
2018-01-03,11:25:52,653069,442,128,1489,LMT,8.32000
2018-01-03,11:25:52,653078,444,236,1489,LMT,8.32000
2018-01-03,11:25:52,653090,463,19,1503,LMT,8.32000
2018-01-03,11:25:52,653092,463,24,1503,LMT,8.32000
2018-01-03,11:25:52,653098,466,254,1503,LMT,8.32000
2018-01-03,11:25:52,653100,468,3,1503,LMT,8.32000
2018-01-03,11:25:52,653100,468,119,1505,LMT,8.32000
2018-01-03,11:25:52,653103,469,31,1505,LMT,8.32000
2018-01-03,11:25:52,653103,469,58,1510,LMT,8.32000
2018-01-03,11:25:52,653106,469,37,1510,LMT,8.32000
2018-01-03,11:25:52,653052,396,67,1474,LMT,8.32000
2018-01-03,11:25:52,653094,463,112,1501,LMT,8.32500
2018-01-03,11:35:24,695651,461,183,1535,LMT,8.31500
2018-01-03,11:35:24,695661,463,373,1522,LMT,8.31000
2018-01-03,11:35:24,695666,463,600,1547,LMT,8.31500
2018-01-03,11:35:24,695667,465,928,1550,LMT,8.31500
2018-01-03,11:35:24,695677,483,1,1563,LMT,8.31500
2018-01-03,11:26:51,657844,491,226,1488,LMT,8.31500
2018-01-03,11:29:29,668908,578,86,1488,LMT,8.31500
2018-01-03,11:31:17,677778,305,62,1488,LMT,8.31500
2018-01-03,11:35:24,695647,460,265,1488,LMT,8.31500
2018-01-03,11:35:24,695647,460,121,1500,LMT,8.31500
2018-01-03,11:35:24,695647,460,185,1524,LMT,8.31500
2018-01-03,11:35:24,695647,460,1,1525,LMT,8.31500
2018-01-03,11:35:24,695651,461,145,1532,LMT,8.31500
2018-01-03,11:37:51,704014,210,177,1441,LMT,8.30500
2018-01-03,11:35:24,695661,463,288,1529,LMT,8.31000
2018-01-03,11:35:24,695664,463,200,1529,LMT,8.31000
2018-01-03,11:37:51,704014,210,334,1529,LMT,8.31000
2018-01-03,11:37:51,704014,210,198,1569,LMT,8.31000
2018-01-03,11:37:51,704014,210,320,1570,LMT,8.31000
2018-01-03,11:37:53,704136,322,602,1609,LMT,8.30000
2018-01-03,11:37:53,704136,322,218,1616,LMT,8.30000
2018-01-03,11:37:51,704014,210,193,1571,LMT,8.31000
2018-01-03,11:37:51,704014,210,358,1578,LMT,8.31000
2018-01-03,11:37:51,704014,210,280,1580,LMT,8.31000
2018-01-03,11:16:57,621825,50,147,1406,LMT,8.30500
2018-01-03,11:22:30,640253,280,300,1406,LMT,8.30500
2018-01-03,11:37:51,704014,210,155,1406,LMT,8.30500
2018-01-03,11:48:29,743434,449,249,1606,LMT,8.31500
2018-01-03,11:48:29,743434,449,197,1623,LMT,8.31500
2018-01-03,11:50:04,749775,786,8,1637,LMT,8.31500
2018-01-03,11:50:04,749775,786,14,1626,LMT,8.31500
2018-01-03,11:55:24,766060,41,150,1651,LMT,8.30500
2018-01-03,11:55:24,766060,41,224,1656,LMT,8.30500
2018-01-03,11:55:31,766641,912,29,1656,LMT,8.30500
2018-01-03,11:55:31,766643,914,1,1658,LMT,8.30500
2018-01-03,11:55:24,766060,41,126,1644,LMT,8.30500
2018-01-03,11:55:48,768872,138,601,1632,LMT,8.32000
2018-01-03,11:55:48,768872,138,241,1648,LMT,8.32000
2018-01-03,11:55:48,768872,138,158,1659,LMT,8.32000
2018-01-03,11:37:53,704136,322,207,1617,LMT,8.30000
2018-01-03,11:42:52,723764,317,400,1617,LMT,8.30000
2018-01-03,12:01:28,796737,86,30,1679,LMT,8.32000
2018-01-03,12:01:28,796742,92,211,1679,LMT,8.32000
2018-01-03,12:01:29,796831,121,38,1690,LMT,8.32000
2018-01-03,12:01:28,796747,129,232,1686,LMT,8.32000
2018-01-03,12:01:28,796742,92,77,1686,LMT,8.32000
2018-01-03,11:55:31,766643,914,41,1660,LMT,8.30500
2018-01-03,12:01:30,796925,665,43,1696,LMT,8.32000
2018-01-03,12:01:31,796960,934,4,1702,LMT,8.32000
2018-01-03,12:06:25,815330,587,242,1665,LMT,8.30500
2018-01-03,12:06:25,815330,587,343,1666,LMT,8.30500
2018-01-03,12:06:25,815332,588,43,1675,LMT,8.30500
2018-01-03,12:06:25,815332,588,409,1680,LMT,8.30500
2018-01-03,12:06:25,815332,588,188,1687,LMT,8.30500
2018-01-03,12:06:25,815332,588,602,1710,LMT,8.30500
2018-01-03,12:06:25,815337,588,1173,1720,LMT,8.30500
2018-01-03,12:06:39,816000,593,160,1744,LMT,8.31500
2018-01-03,12:06:41,816141,832,126,1757,LMT,8.31500
2018-01-03,12:06:41,816144,875,274,1757,LMT,8.31500
2018-01-03,12:07:18,817646,311,270,1728,LMT,8.32000
2018-01-03,12:07:23,817982,108,152,1734,LMT,8.30500
2018-01-03,12:12:51,841301,223,244,1736,LMT,8.30500
2018-01-03,12:07:18,817646,311,200,1730,LMT,8.32000
2018-01-03,12:12:51,841328,935,44,1730,LMT,8.32000
2018-01-03,12:12:51,841301,223,314,1735,LMT,8.30500
2018-01-03,12:12:51,841328,935,148,1747,LMT,8.32000
2018-01-03,12:13:00,841717,104,57,1747,LMT,8.32000
2018-01-03,12:13:00,841717,104,627,1755,LMT,8.32000
2018-01-03,12:13:00,841717,104,140,1786,LMT,8.32000
2018-01-03,12:18:05,860182,87,1,1814,LMT,8.31500
2018-01-03,12:18:00,859946,766,109,1805,LMT,8.32000
2018-01-03,12:18:27,861646,36,13,1823,LMT,8.31500
2018-01-03,12:22:33,874054,210,140,1791,LMT,8.31000
2018-01-03,12:26:07,890831,803,5,1907,LMT,8.33500
2018-01-03,12:26:04,890441,395,222,1833,LMT,8.32000
2018-01-03,12:26:04,890441,395,631,1848,LMT,8.32000
2018-01-03,12:26:05,890600,237,188,1165,LMT,8.33000
2018-01-03,12:26:05,890600,237,82,1860,LMT,8.33000
2018-01-03,12:26:05,890630,426,11,1865,LMT,8.33500
2018-01-03,12:26:05,890641,480,114,1865,LMT,8.33500
2018-01-03,12:26:05,890642,482,119,1877,LMT,8.33500
2018-01-03,12:26:06,890726,986,1,1877,LMT,8.33500
2018-01-03,12:26:11,891240,460,231,1916,LMT,8.33500
2018-01-03,12:29:38,902602,578,650,1909,LMT,8.32000
2018-01-03,12:29:38,902602,578,601,1925,LMT,8.32000
2018-01-03,12:29:38,902602,578,98,1927,LMT,8.32000
2018-01-03,12:29:38,902602,578,271,1930,LMT,8.32000
2018-01-03,12:29:41,902761,119,122,1956,LMT,8.32000
2018-01-03,12:29:41,902761,119,123,1957,LMT,8.32000
2018-01-03,12:29:41,902761,119,230,1958,LMT,8.32000
2018-01-03,12:29:41,902761,119,29,1963,LMT,8.32000
2018-01-03,12:29:38,902602,578,121,1876,LMT,8.32000
2018-01-03,12:29:38,902602,578,121,1878,LMT,8.32000
2018-01-03,12:31:24,908583,560,122,1918,LMT,8.33500
2018-01-03,12:31:23,908515,261,314,1970,LMT,8.32000
2018-01-03,12:31:23,908515,261,270,1971,LMT,8.32000
2018-01-03,12:31:23,908515,261,328,1972,LMT,8.32000
2018-01-03,12:31:23,908515,261,230,1973,LMT,8.32000
2018-01-03,12:31:23,908515,261,297,1974,LMT,8.32000
2018-01-03,12:31:23,908515,261,218,1975,LMT,8.32000
2018-01-03,12:29:41,902765,121,256,1964,LMT,8.32000
2018-01-03,12:31:23,908514,260,343,1964,LMT,8.32000
2018-01-03,12:34:35,917698,749,213,1995,LMT,8.32000
2018-01-03,12:34:35,917698,749,743,1998,LMT,8.32000
2018-01-03,12:34:35,917701,755,295,1998,LMT,8.32000
2018-01-03,12:31:24,908583,560,149,1921,LMT,8.33500
2018-01-03,12:29:38,902602,578,88,1879,LMT,8.31500
2018-01-03,12:34:35,917694,748,121,1985,LMT,8.32000
2018-01-03,12:34:35,917694,748,136,1986,LMT,8.32000
2018-01-03,12:34:35,917694,748,54,1989,LMT,8.32000
2018-01-03,12:34:35,917694,748,229,1994,LMT,8.32000
2018-01-03,12:36:00,921207,154,47,1950,LMT,8.31500
2018-01-03,12:36:00,921217,192,287,1950,LMT,8.31500
2018-01-03,12:36:00,921205,153,400,1880,LMT,8.31500
2018-01-03,12:36:00,921205,153,628,1946,LMT,8.31500
2018-01-03,12:36:00,921207,154,257,1949,LMT,8.31500
2018-01-03,12:37:03,926067,141,20,2039,LMT,8.32500
2018-01-03,12:36:00,921217,192,375,2020,LMT,8.31500
2018-01-03,12:36:25,923024,778,40,2020,LMT,8.31500
2018-01-03,12:39:11,933177,212,55,2020,LMT,8.31500
2018-01-03,12:39:33,933983,256,275,2030,LMT,8.31000
2018-01-03,12:39:33,933983,256,229,2074,LMT,8.31000
2018-01-03,12:39:11,933177,212,184,2021,LMT,8.31500
2018-01-03,12:39:33,933961,216,81,2021,LMT,8.31500
2018-01-03,12:12:51,841303,225,29,1746,LMT,8.30500
2018-01-03,12:40:08,935328,40,75,2092,LMT,8.31500
2018-01-03,12:41:30,942233,792,121,2015,LMT,8.30000
2018-01-03,12:43:43,949217,199,148,2103,LMT,8.30000
2018-01-03,12:43:43,949217,199,13,2110,LMT,8.30000
2018-01-03,12:45:36,954045,252,297,2090,LMT,8.29500
2018-01-03,12:45:36,954045,252,101,2126,LMT,8.29500
2018-01-03,12:45:36,954045,252,102,2127,LMT,8.29500
2018-01-03,12:48:19,961050,976,123,2139,LMT,8.29500
2018-01-03,12:48:19,961050,976,142,2140,LMT,8.29500
2018-01-03,12:48:19,961050,976,181,2143,LMT,8.29500
2018-01-03,12:48:19,961050,976,29,2149,LMT,8.29500
2018-01-03,13:11:47,1034451,340,30,2128,LMT,8.31000
2018-01-03,13:11:47,1034451,340,170,2131,LMT,8.31000
2018-01-03,13:11:47,1034451,340,83,2131,LMT,8.31000
2018-01-03,13:11:47,1034451,340,47,2152,LMT,8.31000
2018-01-03,13:11:47,1034451,340,123,2152,LMT,8.31000
2018-01-03,13:11:47,1034451,340,130,2153,LMT,8.31000
2018-01-03,13:11:47,1034451,340,130,2207,LMT,8.31000
2018-01-03,13:11:47,1034451,340,253,2207,LMT,8.31000
2018-01-03,13:11:47,1034451,340,184,2218,LMT,8.31000
2018-01-03,13:13:20,1037767,539,100,2235,LMT,8.31000
2018-01-03,13:13:20,1037767,539,122,2237,LMT,8.31000
2018-01-03,13:13:20,1037769,540,278,2240,LMT,8.31000
2018-01-03,13:13:20,1037787,842,10,2240,LMT,8.31000
2018-01-03,13:13:20,1037787,842,76,2242,LMT,8.31000
2018-01-03,13:12:26,1036258,756,1,2221,LMT,8.30000
2018-01-03,13:33:36,1090979,154,565,2280,LMT,8.30500
2018-01-03,13:33:36,1090981,155,38,2280,LMT,8.30500
2018-01-03,13:33:36,1090981,155,130,2287,LMT,8.30500
2018-01-03,13:33:36,1090984,155,57,2287,LMT,8.30500
2018-01-03,13:23:40,1062439,480,105,2258,LMT,8.31000
2018-01-03,13:26:44,1072669,604,62,2258,LMT,8.31000
2018-01-03,13:27:00,1073598,481,103,2258,LMT,8.31000
2018-01-03,13:34:04,1091954,465,86,2258,LMT,8.31000
2018-01-03,13:35:06,1093950,501,737,2290,LMT,8.31000
2018-01-03,13:35:06,1093949,500,81,2290,LMT,8.31000
2018-01-03,13:35:06,1093950,501,81,2294,LMT,8.31000
2018-01-03,13:35:06,1093950,501,406,2317,LMT,8.31000
2018-01-03,12:40:08,935328,40,62,2096,LMT,8.31500
2018-01-03,13:35:10,1094088,455,59,2096,LMT,8.31500
2018-01-03,13:35:06,1093953,520,76,2318,LMT,8.31000
2018-01-03,13:35:06,1093948,499,495,2289,LMT,8.31000
2018-01-03,13:35:10,1094088,455,206,2129,LMT,8.31500
2018-01-03,13:35:25,1094577,856,80,2129,LMT,8.31500
2018-01-03,13:35:25,1094585,863,118,2129,LMT,8.31500
2018-01-03,13:37:00,1098818,459,102,2129,LMT,8.31500
2018-01-03,13:38:31,1102289,512,199,2208,LMT,8.32000
2018-01-03,13:38:31,1102269,477,355,2332,LMT,8.31500
2018-01-03,13:38:31,1102269,477,507,2344,LMT,8.31500
2018-01-03,13:38:31,1102269,477,209,2346,LMT,8.31500
2018-01-03,13:38:31,1102269,477,193,2347,LMT,8.31500
2018-01-03,13:38:31,1102269,477,228,2350,LMT,8.31500
2018-01-03,13:38:31,1102289,512,55,2325,LMT,8.32000
2018-01-03,13:38:31,1102292,514,70,2325,LMT,8.32000
2018-01-03,13:38:31,1102294,514,200,2325,LMT,8.32000
2018-01-03,13:38:31,1102299,525,125,2325,LMT,8.32000
2018-01-03,13:40:20,1106848,689,144,2325,LMT,8.32000
2018-01-03,13:40:58,1108039,754,67,2325,LMT,8.32000
2018-01-03,13:40:58,1108039,754,83,2382,LMT,8.32000
2018-01-03,13:42:24,1111784,466,16,2389,LMT,8.32000
2018-01-03,13:50:38,1134058,858,95,2390,LMT,8.31500
2018-01-03,13:50:38,1134058,858,112,2408,LMT,8.31500
2018-01-03,13:50:38,1134064,858,153,2408,LMT,8.31500
2018-01-03,13:50:38,1134064,858,602,2428,LMT,8.31500
2018-01-03,13:50:38,1134064,858,273,2435,LMT,8.31500
2018-01-03,13:50:38,1134064,858,674,2442,LMT,8.31500
2018-01-03,13:50:38,1134069,858,277,2442,LMT,8.31500
2018-01-03,13:50:38,1134071,858,557,2442,LMT,8.31500
2018-01-03,13:50:38,1134073,858,225,2442,LMT,8.31500
2018-01-03,13:50:38,1134075,875,3267,2442,LMT,8.31500
2018-01-03,13:50:38,1134092,942,107,2387,LMT,8.32500
2018-01-03,13:50:38,1134095,950,223,2387,LMT,8.32500
2018-01-03,13:38:31,1102296,517,462,2358,LMT,8.31500
2018-01-03,13:43:14,1114550,180,828,2358,LMT,8.31500
2018-01-03,13:45:59,1122192,822,250,2358,LMT,8.31500
2018-01-03,13:49:22,1130869,138,275,2358,LMT,8.31500
2018-01-03,13:50:38,1134058,858,1693,2358,LMT,8.31500
2018-01-03,13:50:38,1134058,858,547,2379,LMT,8.31500
2018-01-03,13:50:38,1134058,858,253,2388,LMT,8.31500
2018-01-03,13:50:45,1134337,403,16,2478,LMT,8.32000
2018-01-03,13:50:45,1134337,403,279,2471,LMT,8.32000
2018-01-03,13:50:38,1134095,950,9,2396,LMT,8.32500
2018-01-03,13:50:38,1134095,950,68,2396,LMT,8.32500
2018-01-03,13:52:44,1141556,465,400,2485,LMT,8.32500
2018-01-03,13:52:44,1141558,465,40,2485,LMT,8.32500
2018-01-03,13:52:44,1141578,504,600,2491,LMT,8.32000
2018-01-03,13:52:44,1141581,505,132,2515,LMT,8.32500
2018-01-03,13:52:44,1141583,507,39,2515,LMT,8.32500
2018-01-03,13:52:44,1141586,508,269,2515,LMT,8.32500
2018-01-03,14:05:04,1183487,812,601,2536,LMT,8.33500
2018-01-03,14:05:04,1183487,812,16,2549,LMT,8.33500
2018-01-03,14:05:04,1183494,855,51,2563,LMT,8.33500
2018-01-03,14:06:04,1185884,465,103,2563,LMT,8.33500
2018-01-03,14:08:20,1193527,37,80,2563,LMT,8.33500
2018-01-03,13:52:44,1141578,504,4,2496,LMT,8.32000
2018-01-03,14:08:20,1193527,37,503,2574,LMT,8.33500
2018-01-03,14:08:20,1193547,128,108,2574,LMT,8.33500
2018-01-03,14:08:20,1193549,128,75,2574,LMT,8.33500
2018-01-03,14:08:20,1193549,128,105,2575,LMT,8.33500
2018-01-03,14:09:35,1197127,166,50,1132,LMT,8.35000
2018-01-03,14:09:35,1197127,166,200,2205,LMT,8.35000
2018-01-03,14:09:38,1197302,122,599,2662,LMT,8.36000
2018-01-03,14:09:44,1197601,502,2276,2644,LMT,8.35500
2018-01-03,14:09:44,1197602,503,160,2659,LMT,8.35500
2018-01-03,14:09:44,1197602,503,147,2660,LMT,8.35500
2018-01-03,14:09:44,1197604,504,598,2684,LMT,8.35500
2018-01-03,14:09:44,1197604,504,519,2686,LMT,8.35500
2018-01-03,14:09:44,1197607,505,121,2686,LMT,8.35500
2018-01-03,14:09:44,1197609,523,230,2686,LMT,8.35500
2018-01-03,14:09:49,1197729,943,343,2688,LMT,8.35000
2018-01-03,14:09:49,1197729,943,126,2701,LMT,8.35000
2018-01-03,14:09:49,1197729,943,165,2702,LMT,8.35000
2018-01-03,14:09:49,1197729,943,649,2708,LMT,8.35000
2018-01-03,14:09:49,1197755,976,106,2714,LMT,8.36000
2018-01-03,14:10:02,1198194,757,199,2741,LMT,8.35000
2018-01-03,14:11:01,1201417,105,349,2651,LMT,8.34500
2018-01-03,14:11:01,1201417,105,120,2721,LMT,8.34500
2018-01-03,14:11:01,1201417,105,626,2728,LMT,8.34500
2018-01-03,14:11:01,1201417,105,636,2730,LMT,8.34500
2018-01-03,14:11:01,1201421,106,122,2734,LMT,8.34500
2018-01-03,14:11:01,1201421,106,143,2746,LMT,8.34500
2018-01-03,14:11:01,1201421,106,650,2749,LMT,8.34500
2018-01-03,14:11:01,1201426,106,2439,2759,LMT,8.34500
2018-01-03,14:12:00,1204406,209,453,2797,LMT,8.35500
2018-01-03,14:12:00,1204410,210,771,2804,LMT,8.35500
2018-01-03,14:12:00,1204412,210,700,2806,LMT,8.35500
2018-01-03,14:12:00,1204424,232,300,2806,LMT,8.35500
2018-01-03,14:12:00,1204424,232,31,2816,LMT,8.35500
2018-01-03,14:12:00,1204406,209,760,2782,LMT,8.35500
2018-01-03,14:12:00,1204406,209,16,2788,LMT,8.35500
2018-01-03,14:13:57,1211567,20,601,2798,LMT,8.36000
2018-01-03,14:13:57,1211567,20,520,2826,LMT,8.36000
2018-01-03,14:13:57,1211589,62,127,2840,LMT,8.36000
2018-01-03,14:13:57,1211591,64,21,2840,LMT,8.36000
2018-01-03,14:13:57,1211594,77,31,2840,LMT,8.36000
2018-01-03,14:13:57,1211596,77,476,2840,LMT,8.36000
2018-01-03,14:13:57,1211598,87,1252,2840,LMT,8.36000
2018-01-03,14:15:04,1214523,507,100,2876,LMT,8.36000
2018-01-03,14:15:12,1214725,398,113,2883,LMT,8.36000
2018-01-03,14:15:12,1214728,398,1000,2886,LMT,8.36000
2018-01-03,14:15:12,1214728,398,113,2888,LMT,8.36000
2018-01-03,14:15:12,1214731,399,887,2889,LMT,8.36000
2018-01-03,14:15:12,1214731,399,226,2892,LMT,8.36000
2018-01-03,14:15:12,1214733,400,274,2893,LMT,8.36000
2018-01-03,14:15:12,1214725,398,1000,2880,LMT,8.36000
2018-01-03,14:17:24,1222130,514,98,2932,LMT,8.36500
2018-01-03,14:17:44,1223217,509,308,2922,LMT,8.37000
2018-01-03,14:17:44,1223219,509,675,2945,LMT,8.37000
2018-01-03,14:17:44,1223221,509,17,2945,LMT,8.37000
2018-01-03,14:17:44,1223221,509,675,2948,LMT,8.37000
2018-01-03,14:17:44,1223223,510,325,2949,LMT,8.37000
2018-01-03,14:17:44,1223223,510,275,2951,LMT,8.37000
2018-01-03,14:17:44,1223237,547,510,2952,LMT,8.37000
2018-01-03,14:17:44,1223241,582,215,2952,LMT,8.37000
2018-01-03,14:17:44,1223246,735,100,2964,LMT,8.37000
2018-01-03,14:17:48,1223377,86,36,2964,LMT,8.37000
2018-01-03,14:19:19,1228002,343,118,2989,LMT,8.36500
2018-01-03,14:19:19,1228002,343,201,2991,LMT,8.36500
2018-01-03,14:19:19,1228008,477,288,3000,LMT,8.36500
2018-01-03,14:20:45,1230834,251,450,3019,LMT,8.37000
2018-01-03,14:20:45,1230836,251,262,3019,LMT,8.37000
2018-01-03,14:20:45,1230832,251,288,3019,LMT,8.37000
2018-01-03,14:20:45,1230836,251,450,3023,LMT,8.37000
2018-01-03,14:20:51,1230987,859,550,3024,LMT,8.37000
2018-01-03,14:20:51,1230987,859,43,3032,LMT,8.37000
2018-01-03,14:20:51,1230993,900,100,2919,LMT,8.37500
2018-01-03,14:21:55,1233564,701,502,2919,LMT,8.37500
2018-01-03,14:21:55,1233564,701,15,3013,LMT,8.37500
2018-01-03,14:20:51,1230991,885,44,3033,LMT,8.37000
2018-01-03,14:21:55,1233559,680,161,3034,LMT,8.37000
2018-01-03,14:21:55,1233560,681,122,3037,LMT,8.37000
2018-01-03,14:25:32,1242898,146,110,3097,LMT,8.37000
2018-01-03,14:22:55,1236705,932,6,3028,LMT,8.36500
2018-01-03,14:25:32,1242907,175,64,3103,LMT,8.37500
2018-01-03,13:50:38,1134088,906,1431,2451,LMT,8.31500
2018-01-03,14:25:32,1242873,97,558,3071,LMT,8.37000
2018-01-03,14:25:32,1242873,97,87,3072,LMT,8.37000
2018-01-03,14:25:32,1242877,119,237,3072,LMT,8.37000
2018-01-03,14:25:32,1242878,120,90,3073,LMT,8.37000
2018-01-03,14:25:32,1242878,120,480,3074,LMT,8.37000
2018-01-03,14:25:32,1242882,120,1250,3084,LMT,8.37500
2018-01-03,14:26:43,1246009,285,15,3116,LMT,8.37500
2018-01-03,14:26:43,1246009,285,432,3114,LMT,8.37500
2018-01-03,14:26:43,1246009,285,74,3121,LMT,8.37500
2018-01-03,14:26:44,1246039,465,176,3121,LMT,8.37500
2018-01-03,14:29:43,1253506,729,222,3121,LMT,8.37500
2018-01-03,14:30:14,1254930,252,66,3127,LMT,8.37000
2018-01-03,14:30:14,1254932,252,58,3127,LMT,8.37000
2018-01-03,14:30:14,1254932,252,37,3145,LMT,8.37000
2018-01-03,14:30:20,1255055,779,65,3145,LMT,8.37000
2018-01-03,14:30:20,1255067,917,185,3168,LMT,8.37000
2018-01-03,14:31:38,1259080,220,90,3177,LMT,8.37500
2018-01-03,14:31:38,1259080,220,114,3179,LMT,8.37500
2018-01-03,14:31:38,1259080,220,6,3181,LMT,8.37500
2018-01-03,14:32:24,1262112,464,100,3181,LMT,8.37500
2018-01-03,14:33:14,1264697,836,177,3193,LMT,8.36500
2018-01-03,14:33:14,1264697,836,245,3208,LMT,8.36500
2018-01-03,14:33:14,1264697,836,171,3210,LMT,8.36500
2018-01-03,14:33:14,1264695,835,8,3030,LMT,8.36500
2018-01-03,14:33:14,1264695,835,116,3067,LMT,8.36500
2018-01-03,14:33:14,1264695,835,430,3119,LMT,8.36500
2018-01-03,14:33:14,1264695,835,106,3119,LMT,8.36500
2018-01-03,14:33:14,1264695,835,10,3132,LMT,8.36500
2018-01-03,14:33:14,1264697,836,541,3147,LMT,8.36500
2018-01-03,14:33:14,1264697,836,26,3150,LMT,8.36500
2018-01-03,14:33:30,1265194,119,715,3224,LMT,8.36500
2018-01-03,14:33:30,1265196,119,285,3224,LMT,8.36500
2018-01-03,14:34:44,1268334,51,79,3240,LMT,8.37000
2018-01-03,14:34:44,1268334,51,527,3247,LMT,8.37000
2018-01-03,14:34:44,1268343,73,49,3223,LMT,8.37500
2018-01-03,14:34:44,1268343,73,253,3238,LMT,8.37500
2018-01-03,14:21:55,1233564,701,800,2357,LMT,8.38000
2018-01-03,14:21:55,1233564,701,96,2357,LMT,8.38000
2018-01-03,14:22:28,1235001,192,40,2357,LMT,8.38000
2018-01-03,14:25:25,1242727,111,732,2357,LMT,8.38000
2018-01-03,14:34:44,1268361,119,124,2357,LMT,8.38000
2018-01-03,14:34:44,1268361,119,191,3120,LMT,8.38000
2018-01-03,14:34:44,1268361,119,17,3156,LMT,8.38000
2018-01-03,14:34:44,1268361,119,91,3156,LMT,8.38000
2018-01-03,14:34:44,1268361,119,549,3158,LMT,8.38000
2018-01-03,14:34:44,1268361,119,240,3209,LMT,8.38000
2018-01-03,14:34:44,1268361,119,68,3261,LMT,8.38000
2018-01-03,14:34:44,1268391,565,120,3279,LMT,8.37000
2018-01-03,14:34:44,1268334,51,123,3234,LMT,8.37000
2018-01-03,14:34:44,1268391,565,62,3280,LMT,8.37000
2018-01-03,14:35:22,1270375,45,113,3311,LMT,8.37000
2018-01-03,14:37:10,1274470,652,44,3318,LMT,8.37000
2018-01-03,14:37:15,1274746,721,560,3283,LMT,8.36500
2018-01-03,14:37:15,1274746,721,174,3310,LMT,8.36500
2018-01-03,14:37:15,1274766,799,104,3315,LMT,8.36000
2018-01-03,14:37:15,1274766,799,112,3341,LMT,8.36000
2018-01-03,14:37:16,1274799,39,101,3370,LMT,8.35000
2018-01-03,14:38:56,1280668,968,121,3359,LMT,8.36000
2018-01-03,14:38:56,1280668,968,110,3377,LMT,8.36000
2018-01-03,14:38:56,1280668,968,114,3412,LMT,8.36000
2018-01-03,14:38:56,1280672,969,122,3412,LMT,8.36000
2018-01-03,14:38:56,1280672,969,103,3415,LMT,8.36000
2018-01-03,14:38:56,1280675,969,547,3415,LMT,8.36000
2018-01-03,14:38:56,1280655,935,111,3374,LMT,8.35500
2018-01-03,14:38:56,1280655,935,19,3424,LMT,8.35500
2018-01-03,14:39:09,1281571,702,250,3503,LMT,8.36000
2018-01-03,14:39:09,1281573,702,675,3503,LMT,8.36000
2018-01-03,14:39:09,1281575,704,506,3503,LMT,8.36000
2018-01-03,14:39:09,1281564,613,993,3503,LMT,8.36000
2018-01-03,14:39:05,1281424,787,6,3487,LMT,8.36000
2018-01-03,14:39:09,1281553,557,134,3494,LMT,8.36000
2018-01-03,14:39:09,1281553,557,29,3497,LMT,8.36000
2018-01-03,14:44:54,1297135,33,139,3518,LMT,8.36500
2018-01-03,14:44:54,1297135,33,240,3529,LMT,8.36500
2018-01-03,14:44:57,1297431,680,303,3529,LMT,8.36500
2018-01-03,14:44:57,1297443,758,96,3466,LMT,8.37000
2018-01-03,14:44:58,1297851,588,77,3466,LMT,8.37000
2018-01-03,14:44:58,1297851,588,841,3543,LMT,8.37000
2018-01-03,14:45:00,1298243,439,265,3579,LMT,8.37000
2018-01-03,14:45:03,1298389,335,123,3619,LMT,8.38000
2018-01-03,14:45:03,1298389,335,322,3572,LMT,8.38500
2018-01-03,14:45:03,1298389,335,312,3601,LMT,8.38500
2018-01-03,14:45:03,1298394,335,290,3625,LMT,8.38500
2018-01-03,14:45:03,1298412,386,119,3636,LMT,8.38000
2018-01-03,14:46:07,1300410,32,202,3670,LMT,8.38000
2018-01-03,14:46:07,1300410,32,20,3672,LMT,8.38000
2018-01-03,14:46:07,1300413,33,157,3677,LMT,8.38000
2018-01-03,14:46:07,1300433,233,306,3689,LMT,8.38000
2018-01-03,14:46:07,1300435,233,170,3689,LMT,8.38000
2018-01-03,14:47:02,1302496,480,379,3698,LMT,8.37500
2018-01-03,14:47:02,1302496,480,122,3701,LMT,8.37500
2018-01-03,14:47:02,1302496,480,544,3703,LMT,8.37500
2018-01-03,14:47:02,1302500,482,255,3710,LMT,8.37500
2018-01-03,14:47:24,1303363,554,179,3596,LMT,8.37000
2018-01-03,14:47:24,1303363,554,566,3660,LMT,8.37000
2018-01-03,14:47:24,1303363,554,544,3704,LMT,8.37000
2018-01-03,14:47:24,1303363,554,559,3705,LMT,8.37000
2018-01-03,14:47:24,1303369,554,11,3705,LMT,8.37000
2018-01-03,14:49:47,1314608,882,60,3751,LMT,8.37500
2018-01-03,14:49:47,1314608,882,148,3737,LMT,8.37500
2018-01-03,14:49:47,1314608,882,82,3716,LMT,8.38000
2018-01-03,14:51:17,1321899,275,112,3767,LMT,8.37000
2018-01-03,14:51:25,1322498,658,863,3781,LMT,8.36500
2018-01-03,14:51:25,1322498,658,533,3757,LMT,8.36500
2018-01-03,14:51:35,1322945,999,379,3797,LMT,8.36500
2018-01-03,14:52:44,1326007,463,22,3807,LMT,8.36500
2018-01-03,14:52:44,1326008,464,20,3817,LMT,8.36500
2018-01-03,14:53:44,1328545,466,112,3847,LMT,8.37000
2018-01-03,14:53:44,1328543,465,106,3847,LMT,8.37000
2018-01-03,14:54:32,1331041,899,123,3779,LMT,8.37500
2018-01-03,14:54:32,1331041,899,77,3868,LMT,8.37500
2018-01-03,14:54:32,1331046,900,455,3868,LMT,8.37500
2018-01-03,14:54:32,1331049,900,69,3868,LMT,8.37500
2018-01-03,14:54:59,1332233,493,379,3927,LMT,8.38000
2018-01-03,14:54:59,1332233,493,590,3934,LMT,8.38000
2018-01-03,14:54:59,1332239,539,97,3942,LMT,8.38000
2018-01-03,14:54:59,1332246,596,334,3942,LMT,8.38000
2018-01-03,14:54:59,1332249,640,61,3949,LMT,8.38000
2018-01-03,14:56:06,1337712,275,504,3958,LMT,8.37500
2018-01-03,14:56:06,1337712,275,103,3966,LMT,8.37500
2018-01-03,14:56:07,1337805,35,379,3978,LMT,8.37500
2018-01-03,14:55:09,1332707,5,14,3905,LMT,8.38500
2018-01-03,14:56:24,1339417,756,116,3912,LMT,8.37000
2018-01-03,14:56:24,1339417,756,6,3924,LMT,8.37000
2018-01-03,14:56:24,1339417,756,1,3924,LMT,8.37000
2018-01-03,14:56:24,1339417,756,207,3926,LMT,8.37000
2018-01-03,14:56:24,1339417,756,572,3960,LMT,8.37000
2018-01-03,14:56:24,1339417,756,25,3961,LMT,8.37000
2018-01-03,14:56:24,1339417,756,522,3961,LMT,8.37000
2018-01-03,14:56:24,1339417,756,25,3963,LMT,8.37000
2018-01-03,14:56:24,1339417,756,13,3964,LMT,8.37000
2018-01-03,14:56:24,1339421,758,89,3983,LMT,8.37000
2018-01-03,14:56:24,1339424,758,87,3983,LMT,8.37000
2018-01-03,14:56:51,1340942,413,516,3990,LMT,8.37500
2018-01-03,14:56:51,1340942,413,184,4004,LMT,8.37000
2018-01-03,14:57:44,1343727,465,89,4000,LMT,8.37500
2018-01-03,14:57:44,1343737,523,33,4000,LMT,8.37500
2018-01-03,14:57:44,1343737,523,211,4029,LMT,8.37500
2018-01-03,14:57:44,1343740,524,258,4029,LMT,8.37500
2018-01-03,14:57:44,1343740,524,44,4032,LMT,8.37500
2018-01-03,14:58:25,1345254,644,379,4049,LMT,8.37000
2018-01-03,14:58:55,1346539,13,991,4008,LMT,8.38000
2018-01-03,14:58:55,1346539,13,601,4036,LMT,8.38000
2018-01-03,14:58:55,1346539,15,365,4043,LMT,8.38000
2018-01-03,14:58:55,1346552,62,43,4061,LMT,8.38000
2018-01-03,14:58:25,1345254,644,17,4051,LMT,8.37000
2018-01-03,14:59:14,1349281,373,316,4073,LMT,8.38500
2018-01-03,14:59:14,1349293,373,1553,4091,LMT,8.38500
2018-01-03,14:59:14,1349285,373,1366,4091,LMT,8.38500
2018-01-03,14:59:14,1349291,373,293,4091,LMT,8.38500
2018-01-03,14:57:00,1341475,330,250,3889,LMT,8.36500
2018-01-03,15:00:05,1353139,296,297,4124,LMT,8.38000
2018-01-03,15:00:05,1353168,603,613,4117,LMT,8.37500
2018-01-03,15:00:05,1353168,603,379,4118,LMT,8.37500
2018-01-03,15:00:05,1353170,604,291,4119,LMT,8.37500
2018-01-03,15:00:05,1353170,604,601,4125,LMT,8.37500
2018-01-03,15:00:05,1353170,604,582,4127,LMT,8.37500
2018-01-03,15:00:35,1355367,302,139,4153,LMT,8.37500
2018-01-03,15:01:44,1358814,465,53,4179,LMT,8.37500
2018-01-03,15:01:44,1358814,465,27,4178,LMT,8.37500
2018-01-03,15:01:44,1358927,556,401,4139,LMT,8.38000
2018-01-03,15:02:07,1359784,964,250,4222,LMT,8.38000
2018-01-03,15:02:06,1359759,767,379,4202,LMT,8.38000
2018-01-03,15:02:06,1359759,767,190,4209,LMT,8.38000
2018-01-03,15:04:14,1366242,276,1204,4239,LMT,8.38000
2018-01-03,15:04:14,1366242,276,224,4243,LMT,8.38000
2018-01-03,15:04:14,1366242,276,597,4245,LMT,8.38000
2018-01-03,15:04:15,1366277,35,379,4259,LMT,8.38000
2018-01-03,15:05:04,1369030,512,379,4264,LMT,8.38000
2018-01-03,15:05:04,1369030,512,116,4265,LMT,8.38000
2018-01-03,15:05:04,1369041,558,256,4269,LMT,8.38000
2018-01-03,15:05:04,1369048,601,103,4269,LMT,8.38000
2018-01-03,15:09:12,1384386,37,239,4287,LMT,8.38000
2018-01-03,15:10:24,1388430,465,8,4258,LMT,8.38500
2018-01-03,15:10:24,1388436,465,577,4322,LMT,8.38000
2018-01-03,15:10:24,1388436,465,99,4325,LMT,8.38000
2018-01-03,15:10:24,1388436,465,142,4326,LMT,8.38000
2018-01-03,15:10:24,1388446,485,379,4328,LMT,8.38000
2018-01-03,15:10:41,1389524,247,175,4341,LMT,8.38500
2018-01-03,15:10:41,1389524,247,223,4343,LMT,8.38500
2018-01-03,15:10:41,1389526,248,200,4344,LMT,8.38500
2018-01-03,15:10:41,1389528,249,1979,4352,LMT,8.38500
2018-01-03,15:10:49,1390047,914,2,4360,LMT,8.38000
2018-01-03,15:13:01,1399396,860,134,4387,LMT,8.38500
2018-01-03,15:13:01,1399398,860,8,4387,LMT,8.38500
2018-01-03,15:13:01,1399391,858,378,4378,LMT,8.38500
2018-01-03,15:13:01,1399391,858,180,4381,LMT,8.38500
2018-01-03,15:13:33,1402567,678,300,2483,LMT,8.39000
2018-01-03,15:13:33,1402567,678,550,2483,LMT,8.39000
2018-01-03,15:13:33,1402567,678,653,4327,LMT,8.39000
2018-01-03,15:13:33,1402590,728,497,4397,LMT,8.39000
2018-01-03,15:13:33,1402590,728,18,4415,LMT,8.39000
2018-01-03,15:13:33,1402592,728,653,4416,LMT,8.39000
2018-01-03,15:13:33,1402594,730,329,4416,LMT,8.39000
2018-01-03,15:13:33,1402596,731,20,4419,LMT,8.39000
2018-01-03,15:13:33,1402598,734,24,4419,LMT,8.39000
2018-01-03,15:13:33,1402603,756,80,4419,LMT,8.39000
2018-01-03,15:14:06,1404332,97,246,4439,LMT,8.39000
2018-01-03,15:14:06,1404336,98,118,4439,LMT,8.39000
2018-01-03,15:14:07,1404413,123,180,4453,LMT,8.39000
2018-01-03,15:14:06,1404343,136,107,4450,LMT,8.39000
2018-01-03,15:14:06,1404327,74,246,4430,LMT,8.39000
2018-01-03,15:14:06,1404332,97,348,4430,LMT,8.39000
2018-01-03,15:14:06,1404332,97,295,4433,LMT,8.39000
2018-01-03,15:14:16,1404834,197,43,4457,LMT,8.39000
2018-01-03,15:14:26,1405741,12,69,4436,LMT,8.38500
2018-01-03,15:14:26,1405744,12,187,4436,LMT,8.38500
2018-01-03,15:14:26,1405738,11,180,4426,LMT,8.38500
2018-01-03,15:14:26,1405738,11,420,4431,LMT,8.38500
2018-01-03,15:14:26,1405741,11,131,4431,LMT,8.38500
2018-01-03,15:16:47,1414476,193,192,4521,LMT,8.38500
2018-01-03,15:16:47,1414476,193,149,4523,LMT,8.38500
2018-01-03,15:16:47,1414488,201,138,4558,LMT,8.39500
2018-01-03,15:13:33,1402605,763,105,4400,LMT,8.39500
2018-01-03,15:16:47,1414441,161,12,4400,LMT,8.39500
2018-01-03,15:16:47,1414441,161,265,4464,LMT,8.39500
2018-01-03,15:16:47,1414443,162,228,4520,LMT,8.39500
2018-01-03,15:16:47,1414443,162,621,4522,LMT,8.39500
2018-01-03,15:16:47,1414488,201,30,4560,LMT,8.39500
2018-01-03,15:16:47,1414470,192,354,4529,LMT,8.39500
2018-01-03,15:16:47,1414461,192,225,4529,LMT,8.39500
2018-01-03,15:16:47,1414463,192,225,4529,LMT,8.39500
2018-01-03,15:16:47,1414465,192,343,4529,LMT,8.39500
2018-01-03,15:16:47,1414468,192,633,4529,LMT,8.39500
2018-01-03,15:16:47,1414476,193,181,4507,LMT,8.38500
2018-01-03,15:16:47,1414476,193,151,4516,LMT,8.38500
2018-01-03,15:18:04,1418948,465,88,4569,LMT,8.39500
2018-01-03,15:18:56,1422048,780,46,4576,LMT,8.39000
2018-01-03,15:18:55,1422001,667,20,4576,LMT,8.39000
2018-01-03,15:18:56,1422048,780,121,4586,LMT,8.39000
2018-01-03,15:18:56,1422048,780,33,4594,LMT,8.39000
2018-01-03,15:18:55,1422001,667,180,4575,LMT,8.39000
2018-01-03,15:19:02,1422373,435,180,4608,LMT,8.39000
2018-01-03,15:19:02,1422381,474,206,4608,LMT,8.39000
2018-01-03,15:19:02,1422370,430,34,4603,LMT,8.39000
2018-01-03,15:19:02,1422370,430,180,4604,LMT,8.39000
2018-01-03,15:19:13,1423002,108,180,4618,LMT,8.39000
2018-01-03,15:19:13,1423002,108,29,4624,LMT,8.39000
2018-01-03,15:19:13,1423005,108,146,4624,LMT,8.39000
2018-01-03,15:19:39,1424001,339,56,4624,LMT,8.39000
2018-01-03,15:19:39,1424007,382,294,4632,LMT,8.39000
2018-01-03,15:21:28,1428409,57,69,4645,LMT,8.39000
2018-01-03,15:21:58,1430181,165,60,4660,LMT,8.39000
2018-01-03,15:23:32,1435318,316,65,4665,LMT,8.39000
2018-01-03,15:24:15,1437874,600,34,4681,LMT,8.39000
2018-01-03,15:24:15,1437877,643,286,4684,LMT,8.39000
2018-01-03,15:24:13,1437561,650,151,4666,LMT,8.39000
2018-01-03,15:24:16,1437910,32,222,4690,LMT,8.39000
2018-01-03,15:24:16,1437910,32,156,4691,LMT,8.39000
2018-01-03,15:24:16,1437914,38,5,4691,LMT,8.39000
2018-01-03,15:24:16,1437914,38,100,4692,LMT,8.39000
2018-01-03,15:24:13,1437583,652,108,4674,LMT,8.39000
2018-01-03,15:24:13,1437571,651,546,4667,LMT,8.39000
2018-01-03,15:24:56,1439769,286,575,4672,LMT,8.38500
2018-01-03,15:24:56,1439769,286,376,4709,LMT,8.38500
2018-01-03,15:24:56,1439803,798,228,4506,LMT,8.38000
2018-01-03,15:24:56,1439803,798,150,4716,LMT,8.38000
2018-01-03,15:24:56,1439805,799,100,4722,LMT,8.38000
2018-01-03,15:24:56,1439769,286,529,4581,LMT,8.38500
2018-01-03,15:24:56,1439769,286,16,4653,LMT,8.38500
2018-01-03,15:19:05,1422706,813,250,4583,LMT,8.39500
2018-01-03,15:28:47,1451323,985,93,4739,LMT,8.39000
2018-01-03,15:26:34,1445150,425,60,4704,LMT,8.39000
2018-01-03,15:27:28,1447454,180,220,4704,LMT,8.39000
2018-01-03,15:28:47,1451319,984,210,4704,LMT,8.39000
2018-01-03,15:28:47,1451319,984,120,4706,LMT,8.39000
2018-01-03,15:28:47,1451319,984,157,4707,LMT,8.39000
2018-01-03,15:28:47,1451319,984,123,4734,LMT,8.39000
2018-01-03,15:28:47,1451323,985,463,4735,LMT,8.39000
2018-01-03,15:29:14,1453052,722,24,4753,LMT,8.39000
2018-01-03,15:33:46,1481010,34,70,4794,LMT,8.39000
2018-01-03,15:33:46,1481010,34,193,4799,LMT,8.39000
2018-01-03,15:34:11,1483512,236,180,4761,LMT,8.38500
2018-01-03,15:34:11,1483512,236,155,4770,LMT,8.38500
2018-01-03,15:33:46,1481010,35,115,4800,LMT,8.39000
2018-01-03,15:34:11,1483526,286,103,4800,LMT,8.39000
2018-01-03,15:34:11,1483534,334,70,4800,LMT,8.39000
2018-01-03,15:34:11,1483534,334,20,4804,LMT,8.39000
2018-01-03,15:34:11,1483514,238,131,4785,LMT,8.38500
2018-01-03,15:34:29,1485509,446,90,4819,LMT,8.39000
2018-01-03,15:34:29,1485509,446,17,4827,LMT,8.39000
2018-01-03,15:34:11,1483534,334,105,4805,LMT,8.39000
2018-01-03,15:34:29,1485507,444,53,4805,LMT,8.39000
2018-01-03,15:34:29,1485507,444,51,4806,LMT,8.39000
2018-01-03,15:34:29,1485509,446,123,4818,LMT,8.39000
2018-01-03,15:34:50,1487158,756,10,4836,LMT,8.39000
2018-01-03,15:34:50,1487162,764,71,4836,LMT,8.39000
2018-01-03,15:34:50,1487166,820,89,4637,LMT,8.39500
2018-01-03,15:34:50,1487158,756,120,4833,LMT,8.39000
2018-01-03,15:34:50,1487158,756,123,4834,LMT,8.39000
2018-01-03,15:35:02,1488343,387,129,4848,LMT,8.39000
2018-01-03,15:35:02,1488343,387,107,4851,LMT,8.39000
2018-01-03,15:34:50,1487166,820,5,4638,LMT,8.39500
2018-01-03,15:35:24,1491546,678,70,4638,LMT,8.39500
2018-01-03,15:35:24,1491546,678,49,4638,LMT,8.39500
2018-01-03,15:35:24,1491546,678,75,4738,LMT,8.39500
2018-01-03,15:35:24,1491548,679,630,4738,LMT,8.39500
2018-01-03,15:35:24,1491548,679,75,4774,LMT,8.39500
2018-01-03,15:35:24,1491548,679,101,4774,LMT,8.39500
2018-01-03,15:35:24,1491553,742,50,4774,LMT,8.39500
2018-01-03,15:35:24,1491553,742,52,4777,LMT,8.39500
2018-01-03,15:36:44,1500448,486,6,4777,LMT,8.39500
2018-01-03,15:36:44,1500448,486,75,4779,LMT,8.39500
2018-01-03,15:36:59,1501283,182,110,4886,LMT,8.39500
2018-01-03,15:36:59,1501289,191,372,4889,LMT,8.39500
2018-01-03,15:36:44,1500449,487,65,4782,LMT,8.39500
2018-01-03,15:36:59,1501263,147,1627,4782,LMT,8.39500
2018-01-03,15:37:32,1503459,851,110,4891,LMT,8.39000
2018-01-03,15:37:32,1503459,851,390,4896,LMT,8.39000
2018-01-03,15:37:38,1504073,516,205,4896,LMT,8.39000
2018-01-03,15:38:36,1511354,140,76,4939,LMT,8.39000
2018-01-03,15:38:36,1511349,127,7,4939,LMT,8.39000
2018-01-03,15:38:36,1511351,130,67,4939,LMT,8.39000
2018-01-03,15:38:42,1511853,68,228,4939,LMT,8.39000
2018-01-03,15:39:04,1513726,81,172,4946,LMT,8.39000
2018-01-03,15:39:04,1513726,81,200,4950,LMT,8.39000
2018-01-03,15:39:44,1517343,477,93,4966,LMT,8.39000
2018-01-03,15:39:44,1517343,477,104,4969,LMT,8.39000
2018-01-03,15:39:27,1516369,728,29,4962,LMT,8.39000
2018-01-03,15:39:41,1517140,109,60,4962,LMT,8.39000
2018-01-03,15:39:44,1517341,476,96,4962,LMT,8.39000
2018-01-03,15:39:44,1517341,476,531,4965,LMT,8.39000
2018-01-03,15:39:46,1517461,262,133,4975,LMT,8.39000
2018-01-03,15:39:46,1517463,262,43,4975,LMT,8.39000
2018-01-03,15:37:38,1504091,580,243,4913,LMT,8.39500
2018-01-03,15:39:47,1517650,724,665,4913,LMT,8.39500
2018-01-03,15:39:47,1517650,724,92,4932,LMT,8.39500
2018-01-03,15:39:47,1517650,724,48,4952,LMT,8.39500
2018-01-03,15:39:47,1517652,725,271,4954,LMT,8.39500
2018-01-03,15:39:47,1517667,764,159,4989,LMT,8.39500
2018-01-03,15:34:11,1483514,238,333,4791,LMT,8.38500
2018-01-03,15:40:49,1526038,961,218,4791,LMT,8.38500
2018-01-03,15:40:49,1526038,961,68,4792,LMT,8.38500
2018-01-03,15:40:49,1526038,961,218,4792,LMT,8.38500
2018-01-03,15:40:49,1526038,961,62,4849,LMT,8.38500
2018-01-03,15:40:49,1526038,961,218,4849,LMT,8.38500
2018-01-03,15:40:49,1526038,961,293,4901,LMT,8.38500
2018-01-03,15:40:49,1526038,961,26,4905,LMT,8.38500
2018-01-03,15:40:49,1526041,962,21,4905,LMT,8.38500
2018-01-03,15:40:49,1526041,962,543,4906,LMT,8.38500
2018-01-03,15:40:49,1526041,962,14,4907,LMT,8.38500
2018-01-03,15:40:56,1527390,520,18,3066,LMT,8.40000
2018-01-03,15:40:56,1527390,520,490,3066,LMT,8.40000
2018-01-03,15:36:59,1501263,147,1000,2589,LMT,8.40000
2018-01-03,15:36:59,1501265,148,400,2589,LMT,8.40000
2018-01-03,15:36:59,1501265,148,97,2589,LMT,8.40000
2018-01-03,15:40:56,1527390,520,5,2589,LMT,8.40000
2018-01-03,15:43:04,1538196,800,108,5061,LMT,8.39500
2018-01-03,15:43:04,1538196,800,122,5063,LMT,8.39500
2018-01-03,15:40:56,1527390,520,337,3556,LMT,8.40000
2018-01-03,15:40:56,1527390,520,110,3556,LMT,8.40000
2018-01-03,15:42:04,1532812,465,121,3556,LMT,8.40000
2018-01-03,15:43:04,1538142,476,169,3556,LMT,8.40000
2018-01-03,15:43:04,1538150,487,1266,3556,LMT,8.40000
2018-01-03,15:43:04,1538152,488,1497,3556,LMT,8.40000
2018-01-03,15:40:49,1526041,962,119,4961,LMT,8.38500
2018-01-03,15:43:04,1538152,488,110,3697,LMT,8.40000
2018-01-03,15:43:04,1538152,488,3490,3697,LMT,8.40000
2018-01-03,15:43:04,1538152,488,110,4898,LMT,8.40000
2018-01-03,15:43:04,1538152,488,529,5000,LMT,8.40000
2018-01-03,15:43:04,1538152,488,100,5031,LMT,8.40000
2018-01-03,15:43:08,1538646,798,108,5070,LMT,8.39500
2018-01-03,15:43:08,1538646,798,122,5072,LMT,8.39500
2018-01-03,15:43:08,1538646,798,373,5079,LMT,8.39500
2018-01-03,15:43:13,1539041,81,53,5079,LMT,8.39500
2018-01-03,15:43:13,1539041,81,108,5083,LMT,8.39500
2018-01-03,15:43:22,1539869,871,624,5047,LMT,8.39000
2018-01-03,15:43:32,1540665,34,330,5099,LMT,8.40000
2018-01-03,15:43:32,1540665,34,181,5105,LMT,8.40000
2018-01-03,15:46:37,1554198,569,220,5134,LMT,8.40000
2018-01-03,15:43:32,1540665,34,48,5115,LMT,8.40000
2018-01-03,15:46:24,1552603,483,117,5115,LMT,8.40000
2018-01-03,15:46:37,1554169,565,182,5115,LMT,8.40000
2018-01-03,15:46:37,1554169,565,167,5126,LMT,8.40000
2018-01-03,15:46:37,1554179,566,279,5132,LMT,8.40000
2018-01-03,15:46:37,1554187,567,150,5132,LMT,8.40000
2018-01-03,15:46:37,1554169,565,148,5128,LMT,8.40000
2018-01-03,15:46:37,1554179,566,571,5128,LMT,8.40000
2018-01-03,15:46:37,1554179,566,150,5129,LMT,8.40000
2018-01-03,15:46:38,1554599,598,13,5156,LMT,8.40500
2018-01-03,15:46:38,1554599,598,244,3388,LMT,8.41000
2018-01-03,15:46:38,1554599,598,235,4437,LMT,8.41000
2018-01-03,15:46:38,1554599,598,266,4895,LMT,8.41500
2018-01-03,15:46:38,1554599,598,650,5169,LMT,8.41500
2018-01-03,15:46:38,1554599,598,800,4699,LMT,8.42000
2018-01-03,15:46:38,1554599,598,509,5008,LMT,8.42000
2018-01-03,15:46:38,1554642,665,680,5198,LMT,8.41000
2018-01-03,15:46:38,1554642,665,123,5200,LMT,8.41000
2018-01-03,15:46:38,1554642,665,166,5201,LMT,8.41000
2018-01-03,15:46:38,1554628,627,150,5195,LMT,8.40500
2018-01-03,15:46:44,1555810,947,49,5229,LMT,8.41000
2018-01-03,15:47:04,1557997,210,150,5207,LMT,8.40500
2018-01-03,15:47:04,1557997,210,627,5225,LMT,8.40500
2018-01-03,15:47:04,1557997,210,429,5235,LMT,8.40500
2018-01-03,15:48:00,1562123,770,287,5251,LMT,8.41000
2018-01-03,15:48:07,1562799,858,198,5272,LMT,8.40500
2018-01-03,15:48:07,1562799,858,49,5274,LMT,8.40500
2018-01-03,15:48:08,1562808,6,153,5285,LMT,8.40500
2018-01-03,15:48:04,1562427,465,132,5256,LMT,8.41000
2018-01-03,15:51:09,1577175,76,140,5296,LMT,8.40500
2018-01-03,15:46:52,1556261,914,40,5192,LMT,8.41500
2018-01-03,15:51:21,1578185,482,200,5261,LMT,8.41000
2018-01-03,15:51:21,1578185,482,41,5265,LMT,8.41000
2018-01-03,15:51:23,1578445,609,194,5324,LMT,8.41000
2018-01-03,15:51:23,1578445,609,403,5331,LMT,8.41000
2018-01-03,15:51:23,1578445,609,303,5340,LMT,8.41000
2018-01-03,15:51:23,1578454,634,100,5341,LMT,8.41000
2018-01-03,15:51:21,1578185,482,120,5266,LMT,8.41000
2018-01-03,15:51:21,1578190,487,89,5267,LMT,8.41000
2018-01-03,15:51:21,1578190,487,31,5302,LMT,8.41000
2018-01-03,15:52:15,1583122,979,222,5360,LMT,8.41000
2018-01-03,15:52:15,1583128,999,572,5362,LMT,8.41000
2018-01-03,15:52:15,1583128,999,351,5366,LMT,8.41000
2018-01-03,15:52:15,1583122,979,403,5345,LMT,8.41000
2018-01-03,15:52:15,1583122,979,535,5356,LMT,8.41000
2018-01-03,15:52:42,1584714,253,490,5361,LMT,8.41500
2018-01-03,15:52:55,1585896,296,30,5361,LMT,8.41500
2018-01-03,15:52:55,1585896,296,118,5184,LMT,8.42000
2018-01-03,15:52:55,1585896,296,408,5354,LMT,8.42000
2018-01-03,15:51:09,1577175,77,59,5299,LMT,8.40500
2018-01-03,15:53:03,1587316,313,546,5427,LMT,8.41500
2018-01-03,15:53:03,1587316,313,578,5428,LMT,8.41500
2018-01-03,15:53:03,1587316,313,539,5429,LMT,8.41500
2018-01-03,15:53:03,1587306,312,524,5423,LMT,8.41500
2018-01-03,15:53:03,1587306,312,526,5424,LMT,8.41500
2018-01-03,15:53:03,1587308,313,297,5425,LMT,8.41500
2018-01-03,15:53:03,1587311,313,255,5425,LMT,8.41500
2018-01-03,15:53:03,1587311,313,345,5426,LMT,8.41500
2018-01-03,15:53:03,1587314,313,200,5426,LMT,8.41500
2018-01-03,15:53:03,1587316,313,129,5426,LMT,8.41500
2018-01-03,15:54:14,1596281,494,82,5413,LMT,8.41000
2018-01-03,15:54:14,1596283,494,18,5413,LMT,8.41000
2018-01-03,15:54:14,1596283,494,2,5413,LMT,8.41000
2018-01-03,15:54:14,1596283,494,100,5481,LMT,8.41000
2018-01-03,15:54:14,1596283,494,151,5490,LMT,8.41000
2018-01-03,15:54:14,1596283,494,156,5492,LMT,8.41000
2018-01-03,15:54:14,1596293,500,180,5506,LMT,8.41000
2018-01-03,15:54:48,1600876,947,50,5512,LMT,8.41500
2018-01-03,15:55:23,1604853,812,336,5509,LMT,8.42000
2018-01-03,15:55:23,1604853,812,65,5532,LMT,8.42000
2018-01-03,15:55:23,1604853,812,600,5503,LMT,8.42000
2018-01-03,15:55:37,1606599,881,74,5524,LMT,8.41000
2018-01-03,15:55:37,1606601,882,180,5530,LMT,8.41000
2018-01-03,15:55:37,1606601,882,129,5380,LMT,8.40500
2018-01-03,15:55:37,1606599,881,54,5517,LMT,8.41000
2018-01-03,15:55:42,1607177,573,28,5555,LMT,8.41000
2018-01-03,15:55:42,1607177,573,130,5557,LMT,8.41000
2018-01-03,15:55:43,1608042,451,377,5564,LMT,8.41000
2018-01-03,15:55:43,1608042,451,130,5565,LMT,8.41000
2018-01-03,15:55:43,1608060,512,265,5569,LMT,8.41000
2018-01-03,15:55:43,1608046,451,45,5569,LMT,8.41000
2018-01-03,15:55:43,1608050,455,130,5569,LMT,8.41000
2018-01-03,15:56:27,1612049,946,52,5569,LMT,8.41000
2018-01-03,15:56:27,1612051,947,315,5569,LMT,8.41000
2018-01-03,15:43:22,1539870,873,76,5076,LMT,8.39000
2018-01-03,15:58:39,1621087,163,622,5484,LMT,8.40500
2018-01-03,15:55:37,1606601,882,63,5419,LMT,8.40500
2018-01-03,15:58:39,1621087,163,93,5419,LMT,8.40500
2018-01-03,15:52:55,1586009,409,70,5236,LMT,8.43000
2018-01-03,15:58:39,1621087,163,108,5598,LMT,8.40500
2018-01-03,15:59:53,1627891,49,174,5598,LMT,8.40500
2018-01-03,15:59:53,1627891,49,110,5609,LMT,8.40500
2018-01-03,15:59:53,1627891,49,4,5592,LMT,8.40000
2018-01-03,16:00:41,1633684,232,587,5592,LMT,8.40000
2018-01-03,16:00:41,1633684,232,282,5634,LMT,8.40000
2018-01-03,15:58:46,1621671,43,250,5589,LMT,8.41500
2018-01-03,16:00:41,1633690,271,12,5640,LMT,8.40000
2018-01-03,16:00:41,1633684,232,355,5640,LMT,8.40000
2018-01-03,16:00:41,1633690,271,589,5641,LMT,8.40000
2018-01-03,16:03:22,1651331,982,145,5645,LMT,8.41000
2018-01-03,16:03:22,1651331,982,145,5646,LMT,8.41000
2018-01-03,16:03:22,1651331,982,67,5650,LMT,8.41000
2018-01-03,16:03:22,1651335,983,528,5656,LMT,8.41000
2018-01-03,16:03:22,1651335,983,150,5666,LMT,8.41000
2018-01-03,16:03:22,1651338,983,147,5666,LMT,8.41000
2018-01-03,16:03:22,1651340,983,225,5666,LMT,8.41000
2018-01-03,16:03:22,1651342,984,200,5666,LMT,8.41000
2018-01-03,16:03:22,1651345,984,225,5666,LMT,8.41000
2018-01-03,16:03:22,1651347,984,714,5666,LMT,8.41000
2018-01-03,16:03:22,1651331,982,155,5632,LMT,8.41000
2018-01-03,16:03:56,1659369,977,147,5712,LMT,8.41500
2018-01-03,16:03:56,1659369,977,524,5715,LMT,8.41500
2018-01-03,16:03:56,1659372,978,137,5749,LMT,8.41500
2018-01-03,16:03:56,1659372,978,312,5695,LMT,8.42000
2018-01-03,16:04:26,1662295,946,50,5761,LMT,8.41500
2018-01-03,16:05:00,1665417,558,121,5765,LMT,8.41500
2018-01-03,16:05:00,1665417,558,44,5772,LMT,8.41500
2018-01-03,16:05:00,1665417,558,100,5773,LMT,8.41500
2018-01-03,16:03:56,1659372,978,252,5741,LMT,8.42000
2018-01-03,16:05:00,1665421,559,353,5741,LMT,8.42000
2018-01-03,16:05:00,1665421,559,120,5756,LMT,8.42000
2018-01-03,16:05:00,1665421,559,122,5757,LMT,8.42000
2018-01-03,16:05:00,1665421,559,301,5770,LMT,8.42000
2018-01-03,16:05:00,1665421,559,1300,5671,LMT,8.42500
2018-01-03,16:05:00,1665417,558,134,5762,LMT,8.41500
2018-01-03,16:07:10,1680446,391,28,5798,LMT,8.41500
2018-01-03,16:07:10,1680494,812,144,5802,LMT,8.41500
2018-01-03,16:07:10,1680494,812,209,5803,LMT,8.41500
2018-01-03,16:08:09,1686929,463,119,5817,LMT,8.42000
2018-01-03,16:08:09,1686929,463,121,5818,LMT,8.42000
2018-01-03,16:08:09,1686929,463,32,5822,LMT,8.42000
2018-01-03,16:08:09,1686929,463,46,5823,LMT,8.42000
2018-01-03,16:08:09,1686933,464,121,5789,LMT,8.42500
2018-01-03,16:08:09,1686933,464,121,5790,LMT,8.42500
2018-01-03,16:08:09,1686933,464,293,5719,LMT,8.43000
2018-01-03,16:08:09,1686933,464,784,5767,LMT,8.43000
2018-01-03,16:08:09,1686933,464,516,5827,LMT,8.42000
2018-01-03,16:05:00,1665421,559,40,5681,LMT,8.42500
2018-01-03,16:08:09,1686933,464,270,5681,LMT,8.42500
2018-01-03,16:08:56,1691410,863,613,5903,LMT,8.42500
2018-01-03,16:08:34,1688595,551,16,5891,LMT,8.42000
2018-01-03,16:09:28,1695046,654,49,5913,LMT,8.42500
2018-01-03,16:09:28,1695046,654,410,5916,LMT,8.42500
2018-01-03,16:09:28,1695049,656,410,5919,LMT,8.42500
2018-01-03,16:09:29,1695074,757,410,5921,LMT,8.42500
2018-01-03,16:09:30,1695192,787,30,5925,LMT,8.42500
2018-01-03,16:09:30,1695190,785,410,5924,LMT,8.42500
2018-01-03,16:09:42,1696205,871,600,5928,LMT,8.43000
2018-01-03,16:09:42,1696205,871,139,5929,LMT,8.43000
2018-01-03,16:09:42,1696205,871,13,5856,LMT,8.43000
2018-01-03,16:09:42,1696205,871,168,5858,LMT,8.43000
2018-01-03,16:09:48,1696711,650,69,5930,LMT,8.43000
2018-01-03,16:10:45,1702659,132,305,5902,LMT,8.42000
2018-01-03,16:10:45,1702659,132,281,5911,LMT,8.42000
2018-01-03,16:10:45,1702661,133,14,5914,LMT,8.42000
2018-01-03,16:10:45,1702663,133,200,5914,LMT,8.42000
2018-01-03,16:10:45,1702665,133,350,5914,LMT,8.42000
2018-01-03,16:10:45,1702665,133,520,5915,LMT,8.42000
2018-01-03,16:10:45,1702668,134,16,5915,LMT,8.42000
2018-01-03,16:12:10,1711073,812,182,5949,LMT,8.42500
2018-01-03,16:12:10,1711073,812,107,5968,LMT,8.42500
2018-01-03,16:12:48,1714493,950,100,5986,LMT,8.43000
2018-01-03,16:12:48,1714493,950,283,5805,LMT,8.43500
2018-01-03,16:12:48,1714493,950,185,5846,LMT,8.43500
2018-01-03,16:09:48,1696711,650,31,5935,LMT,8.43000
2018-01-03,16:12:48,1714492,949,289,5935,LMT,8.43000
2018-01-03,16:12:48,1714493,950,619,5965,LMT,8.43000
2018-01-03,16:12:48,1714493,950,74,5980,LMT,8.43500
2018-01-03,16:12:55,1715031,143,421,6001,LMT,8.43000
2018-01-03,16:12:55,1715033,143,2009,6001,LMT,8.43000
2018-01-03,16:12:55,1715025,142,1150,6001,LMT,8.43000
2018-01-03,16:15:03,1731965,422,320,6011,LMT,8.43000
2018-01-03,16:15:03,1731965,422,23,6027,LMT,8.43000
2018-01-03,16:15:03,1731976,444,473,6033,LMT,8.43000
2018-01-03,16:15:03,1731979,444,29,6033,LMT,8.43000
2018-01-03,16:15:03,1731972,443,2165,6033,LMT,8.43000
2018-01-03,16:15:10,1732712,519,600,6064,LMT,8.42500
2018-01-03,16:15:58,1737326,248,559,5995,LMT,8.43500
2018-01-03,16:15:58,1737326,248,249,6024,LMT,8.43500
2018-01-03,16:15:58,1737326,248,269,6044,LMT,8.43500
2018-01-03,16:15:58,1737326,248,200,6057,LMT,8.43500
2018-01-03,16:15:58,1737330,249,186,6060,LMT,8.43500
2018-01-03,16:15:58,1737333,249,1599,6087,LMT,8.43500
2018-01-03,16:15:58,1737351,284,270,6099,LMT,8.43500
2018-01-03,16:15:58,1737351,284,275,6101,LMT,8.43500
2018-01-03,16:16:47,1742368,149,700,6134,LMT,8.43000
2018-01-03,16:16:47,1742368,149,200,6115,LMT,8.43500
2018-01-03,16:16:47,1742368,149,247,6119,LMT,8.43500
2018-01-03,16:16:47,1742368,149,86,6121,LMT,8.43500
2018-01-03,16:17:36,1747072,98,283,6075,LMT,8.42500
2018-01-03,16:17:36,1747072,98,306,6132,LMT,8.42500
2018-01-03,16:17:36,1747077,98,57,6132,LMT,8.42500
2018-01-03,16:17:36,1747089,105,180,6157,LMT,8.42500
2018-01-03,16:17:36,1747072,98,140,6067,LMT,8.42500
2018-01-03,16:17:36,1747169,796,637,6028,LMT,8.42000
2018-01-03,16:17:36,1747169,796,554,6076,LMT,8.42000
2018-01-03,16:17:36,1747171,797,584,6077,LMT,8.42000
2018-01-03,16:17:36,1747171,797,313,6078,LMT,8.42000
2018-01-03,16:17:36,1747178,797,229,6078,LMT,8.42000
2018-01-03,16:17:36,1747178,797,37,6133,LMT,8.42000
2018-01-03,16:17:36,1747181,797,200,6133,LMT,8.42000
2018-01-03,16:17:36,1747185,820,288,6133,LMT,8.42000
2018-01-03,16:17:36,1747185,820,180,6180,LMT,8.42000
2018-01-03,16:17:36,1747072,98,624,6074,LMT,8.42500
2018-01-03,16:17:41,1747336,285,492,6167,LMT,8.42500
2018-01-03,16:19:41,1756102,844,521,6184,LMT,8.42500
2018-01-03,16:19:41,1756102,844,200,6192,LMT,8.42500
2018-01-03,16:19:41,1756102,844,476,6202,LMT,8.42500
2018-01-03,16:19:41,1756105,846,17,6203,LMT,8.42500
2018-01-03,16:19:41,1756105,846,618,6206,LMT,8.42500
2018-01-03,16:19:41,1756121,874,200,6156,LMT,8.43000
2018-01-03,16:19:41,1756125,894,252,6165,LMT,8.43000
2018-01-03,16:19:41,1756135,921,354,6196,LMT,8.43000
2018-01-03,16:19:41,1756125,894,247,6196,LMT,8.43000
2018-01-03,16:19:41,1756135,921,158,6225,LMT,8.43000
2018-01-03,16:19:41,1756140,948,306,6225,LMT,8.43000
2018-01-03,16:16:47,1742368,149,1378,6122,LMT,8.43500
2018-01-03,16:19:41,1756148,994,268,6122,LMT,8.43500
2018-01-03,16:19:42,1756157,40,375,4299,LMT,8.44000
2018-01-03,16:19:42,1756157,40,62,4299,LMT,8.44000
2018-01-03,16:19:41,1756117,869,431,6213,LMT,8.42500
2018-01-03,16:19:41,1756128,902,593,6213,LMT,8.42500
2018-01-03,16:19:50,1757291,757,170,6265,LMT,8.43500
2018-01-03,16:19:50,1757295,762,200,6276,LMT,8.43500
2018-01-03,16:19:50,1757297,763,230,6276,LMT,8.43500
2018-01-03,16:20:43,1762831,494,142,6294,LMT,8.43500
2018-01-03,16:19:42,1756157,40,94,5495,LMT,8.44000
2018-01-03,16:19:43,1756386,979,523,5495,LMT,8.44000
2018-01-03,16:19:50,1757201,131,132,5495,LMT,8.44000
2018-01-03,16:20:51,1763450,472,251,5495,LMT,8.44000
2018-01-03,16:20:51,1763450,472,161,6303,LMT,8.44000
2018-01-03,16:20:54,1763602,405,142,6308,LMT,8.43500
2018-01-03,16:21:04,1764581,228,641,6331,LMT,8.43000
2018-01-03,16:21:04,1764581,228,616,6332,LMT,8.43000
2018-01-03,16:21:04,1764594,233,170,6344,LMT,8.43500
2018-01-03,16:21:04,1764581,228,645,6259,LMT,8.43000
2018-01-03,16:21:04,1764581,228,121,6260,LMT,8.43000
2018-01-03,16:21:04,1764581,228,288,6262,LMT,8.43000
2018-01-03,16:21:04,1764581,228,202,6293,LMT,8.43000
2018-01-03,16:21:04,1764581,228,592,6296,LMT,8.43000
2018-01-03,16:22:09,1772455,515,300,6348,LMT,8.44000
2018-01-03,16:22:09,1772455,515,284,6349,LMT,8.44000
2018-01-03,16:22:59,1777405,622,130,6396,LMT,8.43500
2018-01-03,16:23:05,1777875,78,593,6368,LMT,8.43000
2018-01-03,16:23:05,1777879,79,710,6408,LMT,8.43000
2018-01-03,16:23:05,1777887,99,140,6414,LMT,8.43000
2018-01-03,16:23:05,1777903,122,140,6424,LMT,8.43000
2018-01-03,16:23:05,1777905,128,353,6424,LMT,8.43000
2018-01-03,16:23:05,1777919,207,140,6429,LMT,8.43000
2018-01-03,16:21:31,1767341,269,146,6354,LMT,8.43000
2018-01-03,16:23:05,1777875,78,697,6354,LMT,8.43000
2018-01-03,16:22:09,1772455,515,142,6353,LMT,8.44000
2018-01-03,16:23:44,1782346,480,488,6353,LMT,8.44000
2018-01-03,16:23:44,1782346,480,278,6401,LMT,8.44000
2018-01-03,16:23:44,1782346,480,434,6403,LMT,8.44000
2018-01-03,16:25:10,1793188,963,8,6462,LMT,8.43500
2018-01-03,16:25:11,1793198,72,8,6462,LMT,8.43500
2018-01-03,16:25:11,1793200,73,103,6462,LMT,8.43500
2018-01-03,16:25:10,1793172,891,180,6461,LMT,8.43500
2018-01-03,16:25:10,1793150,869,180,6456,LMT,8.43500
2018-01-03,16:25:25,1795274,640,505,6505,LMT,8.44000
2018-01-03,16:25:25,1795274,640,288,6506,LMT,8.44000
2018-01-03,16:25:24,1795157,661,66,6497,LMT,8.43500
2018-01-03,16:25:24,1795091,560,983,6473,LMT,8.44000
2018-01-03,16:25:24,1795110,589,516,6473,LMT,8.44000
2018-01-03,16:25:24,1795083,560,443,6425,LMT,8.44000
2018-01-03,16:25:24,1795126,616,503,6489,LMT,8.44000
2018-01-03,16:25:24,1795126,616,180,6490,LMT,8.44000
2018-01-03,16:25:24,1795129,616,121,6488,LMT,8.43500
2018-01-03,16:27:33,1808028,816,410,6367,LMT,8.44500
2018-01-03,16:27:33,1808028,816,539,6501,LMT,8.44500
2018-01-03,16:27:33,1808028,816,474,6503,LMT,8.44500
2018-01-03,16:27:33,1808086,988,110,6556,LMT,8.43500
2018-01-03,16:27:33,1808028,816,180,6514,LMT,8.44500
2018-01-03,16:27:33,1808028,816,126,6517,LMT,8.44500
2018-01-03,16:27:33,1808028,816,575,6521,LMT,8.44500
2018-01-03,16:27:33,1808028,816,87,6527,LMT,8.44500
2018-01-03,16:27:33,1808037,817,592,6537,LMT,8.44500
2018-01-03,16:27:33,1808043,817,241,6537,LMT,8.44500
2018-01-03,16:27:58,1810542,441,596,6573,LMT,8.43500
2018-01-03,16:27:58,1810542,441,283,6577,LMT,8.43500
2018-01-03,16:27:58,1810542,441,170,6581,LMT,8.43500
2018-01-03,16:28:46,1816690,407,49,6607,LMT,8.43500
2018-01-03,16:28:46,1816746,726,75,6607,LMT,8.43500
2018-01-03,16:28:47,1816787,591,469,6607,LMT,8.43500
2018-01-03,16:28:46,1816690,407,200,6606,LMT,8.43500
2018-01-03,16:23:05,1777933,259,366,6430,LMT,8.43000
2018-01-03,16:29:15,1819762,138,3,6430,LMT,8.43000
2018-01-03,16:29:15,1819762,138,119,6436,LMT,8.43000
2018-01-03,16:29:15,1819762,138,93,6436,LMT,8.43000
2018-01-03,16:29:15,1819762,138,195,6515,LMT,8.43000
2018-01-03,16:29:15,1819762,138,377,6515,LMT,8.43000
2018-01-03,16:29:15,1819762,138,195,6516,LMT,8.43000
2018-01-03,16:29:15,1819762,138,424,6516,LMT,8.43000
2018-01-03,16:29:15,1819762,138,195,6518,LMT,8.43000
2018-01-03,16:29:15,1819762,138,395,6518,LMT,8.43000
2018-01-03,16:29:12,1819290,882,208,6619,LMT,8.43500
2018-01-03,16:29:12,1819294,890,223,6619,LMT,8.43500
2018-01-03,16:29:59,1823371,68,76,6602,LMT,8.43000
2018-01-03,16:29:59,1823371,68,208,6602,LMT,8.43000
2018-01-03,16:29:15,1819762,138,114,6594,LMT,8.43000
2018-01-03,16:29:59,1823371,68,5,6594,LMT,8.43000
2018-01-03,16:29:59,1823371,68,13,6604,LMT,8.43000
2018-01-03,16:30:26,1826138,814,63,6604,LMT,8.43000
2018-01-03,16:30:26,1826138,814,645,6604,LMT,8.43000
2018-01-03,16:30:27,1826167,190,156,6659,LMT,8.43000
2018-01-03,16:30:27,1826173,397,661,6661,LMT,8.43000
2018-01-03,16:30:26,1826138,814,58,6646,LMT,8.43000
2018-01-03,16:31:16,1831972,818,117,6691,LMT,8.43000
2018-01-03,16:32:10,1837399,64,63,6691,LMT,8.43000
2018-01-03,16:32:10,1837399,64,184,6693,LMT,8.43000
2018-01-03,16:32:24,1839373,57,252,6700,LMT,8.43000
2018-01-03,16:32:24,1839373,57,658,6707,LMT,8.43000
2018-01-03,16:32:10,1837399,64,428,6694,LMT,8.43000
2018-01-03,16:32:24,1839373,55,179,6694,LMT,8.43000
2018-01-03,16:32:24,1839373,55,19,6699,LMT,8.43000
2018-01-03,16:33:05,1841989,675,2058,6732,LMT,8.43500
2018-01-03,16:33:05,1841983,674,914,6718,LMT,8.43500
2018-01-03,16:33:05,1841983,674,6,6720,LMT,8.43500
2018-01-03,16:33:05,1841983,674,89,6720,LMT,8.43500
2018-01-03,16:33:05,1841983,674,30,6723,LMT,8.43500
2018-01-03,16:33:05,1841983,674,33,6725,LMT,8.43500
2018-01-03,16:33:30,1845152,873,898,6737,LMT,8.44000
2018-01-03,16:33:30,1845152,873,22,6738,LMT,8.44000
2018-01-03,16:33:30,1845152,873,24,6739,LMT,8.44000
2018-01-03,16:33:30,1845152,873,22,6740,LMT,8.44000
2018-01-03,16:33:31,1845184,39,140,6767,LMT,8.43500
2018-01-03,16:33:30,1845152,873,5,6610,LMT,8.44000
2018-01-03,16:33:30,1845152,873,13,6613,LMT,8.44000
2018-01-03,16:33:30,1845152,873,195,6618,LMT,8.44000
2018-01-03,16:33:30,1845152,873,287,6625,LMT,8.44000
2018-01-03,16:33:30,1845152,873,57,6645,LMT,8.44000
2018-01-03,16:33:30,1845152,873,287,6645,LMT,8.44000
2018-01-03,16:33:30,1845152,873,50,6645,LMT,8.44000
2018-01-03,16:33:30,1845152,873,188,6647,LMT,8.44000
2018-01-03,16:33:30,1845152,873,79,6662,LMT,8.44000
2018-01-03,16:33:30,1845152,873,145,6665,LMT,8.44000
2018-01-03,16:33:30,1845152,873,1182,6702,LMT,8.44000
2018-01-03,16:33:06,1842098,811,316,6717,LMT,8.43000
2018-01-03,16:33:31,1845187,46,140,6717,LMT,8.43000
2018-01-03,16:33:34,1845786,101,138,6717,LMT,8.43000
2018-01-03,16:33:34,1845786,101,51,6719,LMT,8.43000
2018-01-03,16:33:34,1845792,210,187,6719,LMT,8.43000
2018-01-03,16:34:10,1849560,947,51,6719,LMT,8.43000
2018-01-03,16:34:10,1849560,947,140,6784,LMT,8.43000
2018-01-03,16:35:32,1857833,757,593,6800,LMT,8.43000
2018-01-03,16:35:32,1857833,757,238,6801,LMT,8.43000
2018-01-03,16:34:10,1849560,947,409,6790,LMT,8.43000
2018-01-03,16:35:32,1857829,755,390,6790,LMT,8.43000
2018-01-03,16:35:32,1857829,755,291,6794,LMT,8.43000
2018-01-03,16:35:32,1857829,755,150,6796,LMT,8.43000
2018-01-03,16:35:32,1857829,755,537,6797,LMT,8.43000
2018-01-03,16:35:32,1857833,757,307,6799,LMT,8.43000
2018-01-03,16:33:30,1845152,873,146,6741,LMT,8.44000
2018-01-03,16:35:41,1858711,78,288,6741,LMT,8.44000
2018-01-03,16:35:41,1858711,78,118,6761,LMT,8.44000
2018-01-03,16:35:41,1858711,79,569,6820,LMT,8.44000
2018-01-03,16:35:41,1858711,79,333,6821,LMT,8.44000
2018-01-03,16:35:41,1858723,83,432,6829,LMT,8.44000
2018-01-03,16:35:41,1858725,83,363,6829,LMT,8.44000
2018-01-03,16:35:41,1858728,96,225,6829,LMT,8.44000
2018-01-03,16:35:41,1858730,96,225,6829,LMT,8.44000
2018-01-03,16:35:41,1858737,122,77,6829,LMT,8.44000
2018-01-03,16:35:41,1858739,123,416,6829,LMT,8.44000
2018-01-03,16:35:32,1857833,757,94,6806,LMT,8.43000
2018-01-03,16:35:41,1858742,123,172,6806,LMT,8.43000
2018-01-03,16:35:41,1858768,156,122,6849,LMT,8.43500
2018-01-03,16:35:41,1858768,156,104,6855,LMT,8.43500
2018-01-03,16:35:41,1858796,372,296,6867,LMT,8.44000
2018-01-03,16:35:41,1858742,123,321,6815,LMT,8.43000
2018-01-03,16:36:05,1861644,525,141,6897,LMT,8.44000
2018-01-03,16:36:05,1861677,710,189,6903,LMT,8.43500
2018-01-03,16:36:05,1861677,710,180,6904,LMT,8.43500
2018-01-03,16:36:18,1863557,484,430,6905,LMT,8.44000
2018-01-03,16:36:18,1863557,484,111,6912,LMT,8.44000
2018-01-03,16:36:26,1864620,254,71,6865,LMT,8.44500
2018-01-03,16:36:26,1864620,254,23,6865,LMT,8.44500
2018-01-03,16:36:26,1864620,254,148,6868,LMT,8.44500
2018-01-03,16:36:26,1864620,254,71,6868,LMT,8.44500
2018-01-03,16:36:26,1864620,254,365,6881,LMT,8.44500
2018-01-03,16:36:26,1864620,254,47,6909,LMT,8.44500
2018-01-03,16:36:26,1864624,255,335,6913,LMT,8.44500
2018-01-03,16:36:26,1864620,254,189,6864,LMT,8.44500
2018-01-03,16:36:29,1864977,434,238,4981,LMT,8.45000
2018-01-03,16:36:32,1865288,453,762,4981,LMT,8.45000
2018-01-03,16:36:32,1865290,454,1000,4981,LMT,8.45000
2018-01-03,16:36:32,1865362,602,29,6940,LMT,8.44000
2018-01-03,16:36:32,1865381,782,279,6942,LMT,8.44000
2018-01-03,16:36:32,1865290,454,238,6016,LMT,8.45000
2018-01-03,16:36:32,1865362,602,180,6955,LMT,8.44500
2018-01-03,16:37:26,1872256,800,225,6996,LMT,8.43500
2018-01-03,16:37:25,1871877,732,160,6970,LMT,8.44000
2018-01-03,16:37:26,1871982,231,120,6919,LMT,8.43500
2018-01-03,16:37:26,1871982,231,650,6936,LMT,8.43500
2018-01-03,16:37:26,1871985,232,323,6945,LMT,8.43500
2018-01-03,16:37:26,1871985,232,361,6965,LMT,8.43500
2018-01-03,16:37:26,1871985,232,579,6967,LMT,8.43500
2018-01-03,16:37:26,1871995,232,551,6981,LMT,8.43500
2018-01-03,16:37:26,1872001,232,2031,6981,LMT,8.43500
2018-01-03,16:37:26,1872005,232,185,6981,LMT,8.43500
2018-01-03,16:37:26,1872256,800,160,6993,LMT,8.43500
2018-01-03,16:37:29,1872868,822,284,7013,LMT,8.44500
2018-01-03,16:37:45,1874899,226,120,7015,LMT,8.43500
2018-01-03,16:37:26,1872256,800,277,7001,LMT,8.43500
2018-01-03,16:37:45,1874899,226,224,7001,LMT,8.43500
2018-01-03,16:37:45,1874899,226,160,7012,LMT,8.43500
2018-01-03,16:37:45,1874899,226,529,7030,LMT,8.43500
2018-01-03,16:39:21,1883864,528,12,7030,LMT,8.43500
2018-01-03,16:39:21,1883864,528,275,7038,LMT,8.43500
2018-01-03,16:39:21,1883864,528,391,7041,LMT,8.43500
2018-01-03,16:39:21,1883864,528,547,7049,LMT,8.43500
2018-01-03,16:39:30,1885233,631,198,7078,LMT,8.43500
2018-01-03,16:39:30,1885237,635,198,6822,LMT,8.43000
2018-01-03,16:41:38,1898346,334,212,6921,LMT,8.43000
2018-01-03,16:41:38,1898346,334,128,6991,LMT,8.43000
2018-01-03,16:41:38,1898346,334,39,7008,LMT,8.43000
2018-01-03,16:41:38,1898346,334,64,7008,LMT,8.43000
2018-01-03,16:39:27,1884389,431,298,7062,LMT,8.44000
2018-01-03,16:42:14,1901189,795,142,7062,LMT,8.44000
2018-01-03,16:42:14,1901189,795,3,7082,LMT,8.44000
2018-01-03,16:42:14,1901189,795,40,7082,LMT,8.44000
2018-01-03,16:43:18,1905952,707,436,7086,LMT,8.44000
2018-01-03,16:43:18,1905952,707,14,7087,LMT,8.44000
2018-01-03,16:43:18,1905954,708,110,7099,LMT,8.44000
2018-01-03,16:43:18,1905954,708,445,7100,LMT,8.44000
2018-01-03,16:43:18,1905954,708,382,7104,LMT,8.44000
2018-01-03,16:43:18,1905958,708,400,7104,LMT,8.44000
2018-01-03,16:43:33,1907541,558,49,7104,LMT,8.44000
2018-01-03,16:43:36,1907909,541,314,7130,LMT,8.44500
2018-01-03,16:45:11,1918118,804,62,7121,LMT,8.43500
2018-01-03,16:45:11,1918120,804,508,7121,LMT,8.43500
2018-01-03,16:45:11,1918122,807,74,7121,LMT,8.43500
2018-01-03,16:45:11,1918124,807,736,7121,LMT,8.43500
2018-01-03,16:45:11,1918124,807,120,7122,LMT,8.43500
2018-01-03,16:45:11,1918127,807,473,7122,LMT,8.43500
2018-01-03,16:45:11,1918127,807,269,7136,LMT,8.43500
2018-01-03,16:45:11,1918130,807,679,7136,LMT,8.43500
2018-01-03,16:45:11,1918132,807,153,7136,LMT,8.43500
2018-01-03,16:45:11,1918132,807,47,7148,LMT,8.43500
2018-01-03,16:45:11,1918135,807,225,7148,LMT,8.43500
2018-01-03,16:45:11,1918137,807,95,7148,LMT,8.43500
2018-01-03,16:45:11,1918138,808,130,7152,LMT,8.43500
2018-01-03,16:45:11,1918141,808,385,7152,LMT,8.43500
2018-01-03,16:45:11,1918141,808,589,7157,LMT,8.43500
2018-01-03,16:45:19,1918884,432,101,7098,LMT,8.43000
2018-01-03,16:45:19,1918884,432,77,7101,LMT,8.43000
2018-01-03,16:45:19,1918884,432,121,7101,LMT,8.43000
2018-01-03,16:45:19,1918884,432,255,7102,LMT,8.43000
2018-01-03,16:45:19,1918884,432,105,7109,LMT,8.43000
2018-01-03,16:45:19,1918884,432,70,7110,LMT,8.43000
2018-01-03,16:45:19,1918884,432,523,7110,LMT,8.43000
2018-01-03,16:45:19,1918884,432,70,7120,LMT,8.43000
2018-01-03,16:45:16,1918642,892,71,7192,LMT,8.43500
2018-01-03,16:45:11,1918169,858,269,7187,LMT,8.43500
2018-01-03,16:41:38,1898346,334,191,7047,LMT,8.43000
2018-01-03,16:45:19,1918876,430,25,7047,LMT,8.43000
2018-01-03,16:45:19,1918876,430,32,7077,LMT,8.43000
2018-01-03,16:45:19,1918899,433,288,7134,LMT,8.43000
2018-01-03,16:45:19,1918907,434,80,7134,LMT,8.43000
2018-01-03,16:45:19,1918876,430,4,7084,LMT,8.43000
2018-01-03,16:45:19,1918884,432,20,7084,LMT,8.43000
2018-01-03,16:45:33,1920192,761,327,7221,LMT,8.43000
2018-01-03,16:45:33,1920183,760,700,7205,LMT,8.43000
2018-01-03,16:45:33,1920183,760,901,7203,LMT,8.43000
2018-01-03,16:45:48,1924023,99,270,7094,LMT,8.42500
2018-01-03,16:45:48,1924023,99,16,7095,LMT,8.42500
2018-01-03,16:45:48,1924023,99,22,7096,LMT,8.42500
2018-01-03,16:45:48,1924023,99,27,7097,LMT,8.42500
2018-01-03,16:45:48,1924023,99,212,7220,LMT,8.42500
2018-01-03,16:45:48,1924023,99,105,7232,LMT,8.42500
2018-01-03,16:45:48,1924026,106,208,7232,LMT,8.42500
2018-01-03,16:45:48,1924026,106,256,7233,LMT,8.42500
2018-01-03,16:45:48,1924026,106,190,7234,LMT,8.42500
2018-01-03,16:46:47,1933170,809,96,7268,LMT,8.42000
2018-01-03,16:47:16,1938202,812,7,7268,LMT,8.42000
2018-01-03,16:47:43,1940644,706,141,7273,LMT,8.42000
2018-01-03,16:48:13,1943105,115,138,7273,LMT,8.42000
2018-01-03,16:49:08,1948303,786,307,7273,LMT,8.42000
2018-01-03,16:49:16,1948902,155,594,7290,LMT,8.42000
2018-01-03,16:49:47,1952951,29,287,6191,LMT,8.41500
2018-01-03,16:49:47,1952951,29,134,7261,LMT,8.41500
2018-01-03,16:49:47,1952951,29,615,7271,LMT,8.41500
2018-01-03,16:49:47,1952951,29,543,7289,LMT,8.41500
2018-01-03,16:49:47,1952951,29,301,7315,LMT,8.41500
2018-01-03,16:49:47,1952951,29,814,7318,LMT,8.41500
2018-01-03,16:49:47,1952968,58,306,7326,LMT,8.41500
2018-01-03,16:49:47,1952968,58,231,7334,LMT,8.41500
2018-01-03,16:52:27,1970601,405,23,7360,LMT,8.40500
2018-01-03,16:52:27,1970601,405,22,7360,LMT,8.40500
2018-01-03,16:53:00,1974313,632,119,7360,LMT,8.40500
2018-01-03,16:53:00,1974313,632,23,7363,LMT,8.40500
2018-01-03,16:53:00,1974313,632,301,7379,LMT,8.40500
2018-01-03,16:53:00,1974313,632,634,7388,LMT,8.40500
2018-01-03,16:49:47,1952976,76,510,7335,LMT,8.41500
2018-01-03,16:53:00,1974344,849,650,7399,LMT,8.40500
2018-01-03,16:45:16,1918642,892,246,7193,LMT,8.43500
2018-01-03,16:53:00,1974356,939,98,7408,LMT,8.40500
2018-01-03,16:53:03,1974519,203,271,7408,LMT,8.40500
2018-01-03,16:53:13,1975804,624,376,7408,LMT,8.40500
2018-01-03,16:53:18,1976158,354,104,7408,LMT,8.40500
2018-01-03,16:53:18,1976160,391,941,7408,LMT,8.40500
2018-01-03,16:53:00,1974334,793,27,6695,LMT,8.40000
2018-01-03,16:53:00,1974336,795,67,6695,LMT,8.40000
2018-01-03,16:53:18,1976164,393,56,6695,LMT,8.40000
2018-01-03,16:53:18,1976211,798,168,7411,LMT,8.39500
2018-01-03,16:37:29,1872868,822,175,6644,LMT,8.45000
2018-01-03,16:53:18,1976211,798,433,7430,LMT,8.39500
2018-01-03,16:53:18,1976164,393,622,7366,LMT,8.40000
2018-01-03,16:53:18,1976171,425,10,7366,LMT,8.40000
2018-01-03,16:53:18,1976171,425,534,7389,LMT,8.40000
2018-01-03,16:53:35,1977425,356,212,7432,LMT,8.39500
2018-01-03,16:54:04,1981823,724,305,7440,LMT,8.39500
2018-01-03,16:54:04,1981823,724,129,7463,LMT,8.39500
2018-01-03,16:54:04,1981826,725,174,7466,LMT,8.39500
2018-01-03,16:54:04,1981823,724,596,7436,LMT,8.39500
2018-01-03,16:54:43,1986507,457,392,7476,LMT,8.39000
2018-01-03,16:54:41,1986315,77,550,7465,LMT,8.39000
2018-01-03,16:54:43,1986507,457,76,7465,LMT,8.39000
2018-01-03,16:54:43,1986507,457,132,7485,LMT,8.39000
2018-01-03,16:56:55,2002114,243,100,7495,LMT,8.39000
2018-01-03,16:56:55,2002114,243,318,7494,LMT,8.39000
2018-01-03,16:58:36,2012318,580,9,7443,LMT,8.40000
2018-01-03,16:58:36,2012318,580,742,7451,LMT,8.40000
2018-01-03,16:58:36,2012318,580,62,7459,LMT,8.40000
2018-01-03,16:58:36,2012318,580,151,7483,LMT,8.40000
2018-01-03,16:58:36,2012318,580,78,7487,LMT,8.40000
2018-01-03,16:58:36,2012322,581,388,7489,LMT,8.40000
2018-01-03,16:58:36,2012322,581,650,7499,LMT,8.40000
2018-01-03,16:59:10,2015611,144,152,7525,LMT,8.40000
2018-01-03,16:59:10,2015611,144,126,7525,LMT,8.40000
2018-01-03,16:59:10,2015611,144,473,7525,LMT,8.40000
2018-01-03,16:59:10,2015611,144,152,7529,LMT,8.40000
2018-01-03,16:59:10,2015611,144,126,7534,LMT,8.40000
2018-01-03,16:59:10,2015611,144,508,7539,LMT,8.40000
2018-01-03,16:59:10,2015625,183,243,7540,LMT,8.40000
2018-01-03,16:59:10,2015629,185,101,7550,LMT,8.40000
2018-01-03,16:59:10,2015627,185,650,7550,LMT,8.40000
2018-01-03,16:59:10,2015629,185,142,7553,LMT,8.40000
2018-01-03,16:58:36,2012322,581,1120,7516,LMT,8.40000
2018-01-03,16:58:37,2012394,673,300,7516,LMT,8.40000
2018-01-03,16:59:10,2015611,144,235,7516,LMT,8.40000
2018-01-03,16:59:10,2015681,798,450,7541,LMT,8.39500
2018-01-03,16:59:10,2015681,798,156,7546,LMT,8.39500
2018-01-03,16:59:10,2015688,838,440,7546,LMT,8.39500
2018-01-03,16:59:13,2015991,850,366,7554,LMT,8.40000
2018-01-03,16:59:10,2015632,185,243,7554,LMT,8.40000
2018-01-03,16:59:54,2019139,448,221,7576,LMT,8.39500
2018-01-03,16:59:28,2017224,475,100,7562,LMT,8.39500
2018-01-03,16:59:54,2019139,448,205,7562,LMT,8.39500
2018-01-03,16:59:54,2019123,211,300,7562,LMT,8.39500
2018-01-03,17:00:42,2024981,14,2,7569,LMT,8.40000
2018-01-03,17:00:42,2024981,14,749,7569,LMT,8.40000
2018-01-03,17:00:42,2024981,14,2,7582,LMT,8.40000
2018-01-03,17:00:42,2024981,14,84,7582,LMT,8.40000
2018-01-03,17:00:42,2024981,14,200,7583,LMT,8.40000
2018-01-03,17:00:42,2024981,14,650,7584,LMT,8.40000
2018-01-03,17:00:42,2024981,14,617,7585,LMT,8.40000
2018-01-03,17:00:42,2024981,15,432,7586,LMT,8.40000
2018-01-03,16:59:13,2015991,850,31,7557,LMT,8.40000
2018-01-03,17:00:42,2024981,14,440,7557,LMT,8.40000
2018-01-03,17:01:39,2030566,466,2349,7623,LMT,8.40000
2018-01-03,17:01:39,2030566,466,100,7597,LMT,8.40000
2018-01-03,17:01:39,2030566,466,651,7597,LMT,8.40000
2018-01-03,17:01:39,2030566,466,100,7614,LMT,8.40000
2018-01-03,17:02:36,2035222,987,556,7633,LMT,8.40000
2018-01-03,17:02:37,2035228,6,67,7634,LMT,8.40000
2018-01-03,17:02:37,2035226,6,33,7634,LMT,8.40000
2018-01-03,17:02:37,2035228,6,751,7641,LMT,8.40000
2018-01-03,17:02:37,2035228,6,182,7644,LMT,8.40000
2018-01-03,17:01:41,2030830,697,291,7624,LMT,8.40000
2018-01-03,17:02:36,2035222,987,364,7624,LMT,8.40000
2018-01-03,17:02:36,2035222,987,432,7625,LMT,8.40000
2018-01-03,17:02:36,2035222,987,42,7626,LMT,8.40000
2018-01-03,17:03:33,2043922,700,100,7651,LMT,8.40000
2018-01-03,17:03:33,2043922,700,2295,7654,LMT,8.40000
2018-01-03,17:03:33,2043940,740,391,7618,LMT,8.39500
2018-01-03,17:03:33,2043922,700,100,7645,LMT,8.40000
2018-01-03,17:03:33,2043922,700,469,7645,LMT,8.40000
2018-01-03,17:03:33,2043922,700,286,7649,LMT,8.40000
2018-01-03,17:03:35,2044053,106,270,7655,LMT,8.40000
2018-01-03,17:03:35,2044053,106,30,7663,LMT,8.40000
2018-01-03,17:03:33,2043940,740,211,7620,LMT,8.39500
2018-01-03,16:56:55,2002114,243,140,7501,LMT,8.39000
2018-01-03,17:04:47,2050943,167,295,7664,LMT,8.40000
2018-01-03,17:06:24,2062001,376,530,7664,LMT,8.40000
2018-01-03,17:06:24,2062001,376,100,7666,LMT,8.40000
2018-01-03,17:06:24,2062003,377,146,7667,LMT,8.40000
2018-01-03,17:06:24,2062003,377,557,7677,LMT,8.40000
2018-01-03,17:06:24,2062003,377,493,7679,LMT,8.40000
2018-01-03,17:06:24,2062022,860,561,7632,LMT,8.39500
2018-01-03,17:06:24,2062022,860,439,7647,LMT,8.39500
2018-01-03,17:06:28,2063311,686,130,7647,LMT,8.39500
2018-01-03,17:06:28,2063311,686,39,7659,LMT,8.39500
2018-01-03,17:06:28,2063311,686,33,7661,LMT,8.39500
2018-01-03,17:06:28,2063315,686,275,7661,LMT,8.39500
2018-01-03,17:06:24,2062003,377,174,7682,LMT,8.40000
2018-01-03,17:06:28,2063315,686,245,7668,LMT,8.39500
2018-01-03,17:06:28,2063318,687,225,7668,LMT,8.39500
2018-01-03,17:06:28,2063322,693,92,7668,LMT,8.39500
2018-01-03,17:06:28,2063322,693,265,7670,LMT,8.39500
2018-01-03,17:06:28,2063322,693,92,7678,LMT,8.39500
2018-01-03,17:06:28,2063327,694,122,7678,LMT,8.39500
2018-01-03,17:06:28,2063329,694,367,7678,LMT,8.39500
2018-01-03,17:07:03,2067989,612,524,7711,LMT,8.39500
2018-01-03,17:07:03,2067998,614,471,7712,LMT,8.39500
2018-01-03,17:07:59,2073199,224,60,7609,LMT,8.39000
2018-01-03,17:07:59,2073199,224,280,7613,LMT,8.39000
2018-01-03,17:07:59,2073199,224,100,7619,LMT,8.39000
2018-01-03,17:07:59,2073199,224,19,7628,LMT,8.39000
2018-01-03,17:07:59,2073199,224,69,7628,LMT,8.39000
2018-01-03,17:07:59,2073199,224,23,7635,LMT,8.39000
2018-01-03,17:07:59,2073199,224,465,7646,LMT,8.39000
2018-01-03,17:08:20,2075030,87,4,7715,LMT,8.40000
2018-01-03,17:08:20,2075030,88,77,7715,LMT,8.40000
2018-01-03,17:08:20,2075030,88,509,7716,LMT,8.40000
2018-01-03,17:08:20,2075030,88,627,7719,LMT,8.40000
2018-01-03,17:08:20,2075030,88,55,7721,LMT,8.40000
2018-01-03,17:08:20,2075030,87,851,7691,LMT,8.40000
2018-01-03,17:08:20,2075030,87,4,7713,LMT,8.40000
2018-01-03,17:08:20,2075030,87,428,7713,LMT,8.40000
2018-01-03,17:08:33,2076700,795,855,7743,LMT,8.40000
2018-01-03,17:08:33,2076700,795,142,7746,LMT,8.40000
2018-01-03,17:08:33,2076700,795,175,7747,LMT,8.40000
2018-01-03,17:08:36,2076883,391,300,7747,LMT,8.40000
2018-01-03,17:07:59,2073199,224,10,7650,LMT,8.39000
2018-01-03,17:09:46,2083996,767,855,7751,LMT,8.40000
2018-01-03,17:09:46,2083996,767,225,7756,LMT,8.40000
2018-01-03,17:09:46,2083996,767,433,7766,LMT,8.40000
2018-01-03,17:10:00,2085317,51,592,7732,LMT,8.40500
2018-01-03,17:10:14,2086768,543,35,7774,LMT,8.40000
2018-01-03,17:10:48,2090679,557,87,7372,LMT,8.41000
2018-01-03,17:10:48,2090679,557,1411,7382,LMT,8.41000
2018-01-03,17:10:49,2090714,473,596,7778,LMT,8.40000
2018-01-03,17:10:49,2090772,565,530,7761,LMT,8.39500
2018-01-03,17:10:49,2090772,565,596,7762,LMT,8.39500
2018-01-03,17:10:49,2090772,565,531,7764,LMT,8.39500
2018-01-03,17:10:49,2090775,566,524,7788,LMT,8.39500
2018-01-03,17:10:49,2090775,566,645,7789,LMT,8.39500
2018-01-03,17:10:49,2090775,566,821,7790,LMT,8.39500
2018-01-03,17:10:49,2090775,566,450,7791,LMT,8.39500
2018-01-03,17:10:49,2090775,566,308,7802,LMT,8.39500
2018-01-03,17:10:49,2090775,566,1064,7808,LMT,8.39500
2018-01-03,17:10:49,2090775,566,531,7811,LMT,8.39500
2018-01-03,17:10:49,2090714,473,314,7784,LMT,8.40000
2018-01-03,17:10:49,2090716,474,329,7810,LMT,8.40000
2018-01-03,17:10:49,2090816,667,45,7765,LMT,8.39000
2018-01-03,17:10:49,2090821,673,399,7765,LMT,8.39000
2018-01-03,17:10:49,2090863,817,3,7753,LMT,8.38500
2018-01-03,17:10:49,2090863,817,207,7755,LMT,8.38500
2018-01-03,17:10:52,2091166,401,60,7754,LMT,8.38000
2018-01-03,17:10:52,2091189,530,200,7754,LMT,8.38000
2018-01-03,17:10:49,2090873,870,228,7754,LMT,8.38000
2018-01-03,17:10:53,2091291,629,12,7754,LMT,8.38000
2018-01-03,17:10:49,2090824,674,567,7818,LMT,8.39000
2018-01-03,17:10:49,2090821,673,202,7818,LMT,8.39000
2018-01-03,17:11:19,2095170,677,760,7890,LMT,8.37500
2018-01-03,17:11:19,2095170,677,650,7894,LMT,8.37500
2018-01-03,17:11:19,2095170,677,589,7898,LMT,8.37500
2018-01-03,17:10:53,2091294,630,298,7881,LMT,8.38500
2018-01-03,17:11:29,2095911,186,1346,7881,LMT,8.38500
2018-01-03,17:11:29,2095911,186,1,7911,LMT,8.38500
2018-01-03,17:11:29,2095911,186,1442,7861,LMT,8.39000
2018-01-03,17:12:13,2101087,99,12,7928,LMT,8.38500
2018-01-03,17:12:13,2101087,99,88,7932,LMT,8.38500
2018-01-03,17:12:13,2101087,99,14,7943,LMT,8.38500
2018-01-03,17:12:22,2102626,341,650,7975,LMT,8.39500
2018-01-03,17:12:14,2101632,798,317,7931,LMT,8.39000
2018-01-03,17:12:22,2102624,338,267,7931,LMT,8.39000
2018-01-03,17:12:22,2102626,341,123,7855,LMT,8.39500
2018-01-03,17:12:22,2102626,341,644,7901,LMT,8.39500
2018-01-03,17:13:14,2108792,132,280,8044,LMT,8.39500
2018-01-03,17:13:14,2108792,132,304,8049,LMT,8.39500
2018-01-03,17:14:41,2116742,843,33,8072,LMT,8.40000
2018-01-03,17:17:18,2131450,164,527,8110,LMT,8.39500
2018-01-03,17:17:18,2131450,164,596,8128,LMT,8.39500
2018-01-03,17:17:18,2131460,222,87,8016,LMT,8.39000
2018-01-03,17:17:18,2131460,222,27,8057,LMT,8.39000
2018-01-03,17:17:18,2131460,222,419,8070,LMT,8.39000
2018-01-03,17:17:18,2131460,222,18,8071,LMT,8.39000
2018-01-03,17:17:18,2131481,284,373,8169,LMT,8.39000
2018-01-03,17:17:18,2131483,284,225,8169,LMT,8.39000
2018-01-03,17:17:18,2131485,286,102,8169,LMT,8.39000
2018-01-03,17:17:17,2131357,124,294,8101,LMT,8.40000
2018-01-03,17:17:17,2131357,124,307,8103,LMT,8.40000
2018-01-03,17:17:17,2131357,124,605,8105,LMT,8.40000
2018-01-03,17:17:17,2131357,124,11,8116,LMT,8.40000
2018-01-03,17:17:17,2131349,83,81,8094,LMT,8.40000
2018-01-03,17:17:17,2131351,93,18,8094,LMT,8.40000
2018-01-03,17:17:17,2131351,93,51,8095,LMT,8.40000
2018-01-03,17:17:17,2131357,124,545,8095,LMT,8.40000
2018-01-03,17:17:17,2131357,124,122,8099,LMT,8.40000
2018-01-03,17:17:18,2131444,163,644,8087,LMT,8.39500
2018-01-03,17:17:18,2131444,163,573,8104,LMT,8.39500
2018-01-03,17:17:18,2131444,163,524,8106,LMT,8.39500
2018-01-03,17:17:18,2131444,163,576,8107,LMT,8.39500
2018-01-03,17:17:18,2131444,163,569,8108,LMT,8.39500
2018-01-03,17:17:18,2131444,163,557,8109,LMT,8.39500
2018-01-03,17:19:14,2143464,317,104,8212,LMT,8.39000
2018-01-03,17:19:14,2143464,317,35,8212,LMT,8.39000
2018-01-03,17:19:14,2143464,317,111,8213,LMT,8.39000
2018-01-03,17:19:14,2143464,317,232,8226,LMT,8.39000
2018-01-03,17:19:14,2143464,317,26,8232,LMT,8.39000
2018-01-03,17:19:14,2143464,317,1269,8233,LMT,8.39000
2018-01-03,17:19:14,2143469,317,387,8233,LMT,8.39000
2018-01-03,17:19:14,2143569,797,650,8283,LMT,8.39000
2018-01-03,17:19:14,2143469,317,288,8234,LMT,8.39000
2018-01-03,17:19:14,2143472,317,214,8234,LMT,8.39000
2018-01-03,17:19:14,2143472,317,21,8236,LMT,8.39000
2018-01-03,17:19:14,2143472,317,27,8237,LMT,8.39000
2018-01-03,17:19:14,2143472,317,191,8251,LMT,8.39000
2018-01-03,17:19:14,2143477,317,47,8251,LMT,8.39000
2018-01-03,17:19:14,2143490,330,33,8266,LMT,8.39000
2018-01-03,17:19:14,2143496,356,49,8266,LMT,8.39000
2018-01-03,17:19:14,2143515,434,121,8187,LMT,8.39500
2018-01-03,17:19:14,2143515,434,554,8217,LMT,8.39500
2018-01-03,17:19:14,2143515,434,487,8273,LMT,8.39500
2018-01-03,17:19:14,2143515,434,219,8161,LMT,8.40000
2018-01-03,17:19:14,2143515,434,469,8216,LMT,8.40000
2018-01-03,17:21:34,2161656,445,173,8314,LMT,8.40000
2018-01-03,17:21:33,2161520,208,326,8314,LMT,8.40000
2018-01-03,17:21:34,2161656,445,56,8319,LMT,8.40000
2018-01-03,17:21:34,2161656,445,39,8322,LMT,8.40000
2018-01-03,17:19:14,2143570,798,43,8292,LMT,8.39000
2018-01-03,17:22:27,2168290,194,107,8292,LMT,8.39000
2018-01-03,17:22:27,2168290,194,296,8293,LMT,8.39000
2018-01-03,17:22:27,2168293,194,193,8293,LMT,8.39000
2018-01-03,17:22:27,2168295,194,43,8293,LMT,8.39000
2018-01-03,17:22:27,2168297,195,190,8293,LMT,8.39000
2018-01-03,17:22:27,2168297,195,10,8306,LMT,8.39000
2018-01-03,17:22:27,2168300,195,225,8306,LMT,8.39000
2018-01-03,17:22:27,2168302,197,71,8306,LMT,8.39000
2018-01-03,17:22:27,2168306,203,100,8347,LMT,8.39000
2018-01-03,17:22:27,2168308,204,407,8347,LMT,8.39000
2018-01-03,17:23:07,2173812,893,276,8290,LMT,8.38500
2018-01-03,17:23:07,2173812,893,123,8243,LMT,8.38500
2018-01-03,17:24:50,2188227,460,38,8383,LMT,8.38500
2018-01-03,17:23:07,2173812,893,251,8309,LMT,8.38500
2018-01-03,17:24:50,2188227,460,335,8309,LMT,8.38500
2018-01-03,17:24:50,2188227,460,599,8370,LMT,8.38500
2018-01-03,17:24:50,2188227,460,20,8376,LMT,8.38500
2018-01-03,17:26:28,2205352,522,268,8422,LMT,8.38500
2018-01-03,17:26:28,2205352,522,203,8428,LMT,8.38500
2018-01-03,17:26:28,2205352,522,93,8429,LMT,8.38500
2018-01-03,17:27:34,2213579,240,5,8432,LMT,8.38500
2018-01-03,17:26:28,2205352,522,137,8431,LMT,8.38500
2018-01-03,17:27:34,2213562,238,72,8431,LMT,8.38500
2018-01-03,17:27:34,2213630,256,45,8442,LMT,8.38500
2018-01-03,17:27:34,2213619,252,15,8441,LMT,8.38500
2018-01-03,17:27:34,2213608,251,27,8440,LMT,8.38500
2018-01-03,17:27:34,2213595,246,1055,8438,LMT,8.38500
2018-01-03,17:27:34,2213933,306,43,8452,LMT,8.38500
2018-01-03,17:27:34,2213940,315,210,8452,LMT,8.38500
2018-01-03,17:27:58,2219441,64,56,8465,LMT,8.39500
2018-01-03,17:27:58,2219441,64,241,8483,LMT,8.39500
2018-01-03,17:28:19,2222431,298,374,8497,LMT,8.39000
2018-01-03,17:28:25,2223347,72,313,8500,LMT,8.39000
2018-01-03,17:28:27,2223715,796,395,8517,LMT,8.38500
2018-01-03,17:28:27,2223680,352,220,8517,LMT,8.38500
2018-01-03,17:28:27,2223670,294,141,8486,LMT,8.38500
2018-01-03,17:28:27,2223673,300,107,8486,LMT,8.38500
2018-01-03,17:28:27,2223675,300,129,8486,LMT,8.38500
2018-01-03,17:28:27,2223680,352,409,8486,LMT,8.38500
2018-01-03,17:28:27,2223680,352,526,8488,LMT,8.38500
2018-01-03,17:28:27,2223680,352,82,8492,LMT,8.38500
2018-01-03,17:28:27,2223715,796,84,8527,LMT,8.38500
2018-01-03,17:28:28,2223775,440,54,8527,LMT,8.38500
2018-01-03,17:28:34,2224490,182,648,8527,LMT,8.38500
2018-01-03,17:28:34,2224500,184,33,8529,LMT,8.38500
2018-01-03,17:19:16,2143666,488,328,8137,LMT,8.40500
2018-01-03,17:21:34,2161656,445,24,8137,LMT,8.40500
2018-01-03,17:28:34,2224546,196,1,8536,LMT,8.38500
2018-01-03,17:28:34,2224548,196,1,8536,LMT,8.38500
2018-01-03,17:28:55,2227915,459,519,8536,LMT,8.38500
2018-01-03,17:29:38,2236617,206,139,8536,LMT,8.38500
2018-01-03,17:29:43,2237245,570,126,8536,LMT,8.38500
2018-01-03,17:29:43,2237245,570,4,8562,LMT,8.38500
2018-01-03,17:29:43,2237247,591,126,8563,LMT,8.38500
2018-01-03,17:29:47,2238555,819,603,8577,LMT,8.38500
2018-01-03,17:29:55,2240339,682,756,8613,LMT,8.38000
2018-01-03,17:29:29,2234589,33,20,8547,LMT,8.39000
2018-01-03,17:29:36,2236310,416,133,8547,LMT,8.39000
2018-01-03,17:10:48,2090679,557,154,7387,LMT,8.41000
2018-01-03,17:35:06,2259475,528,72,8637,CLO,8.38500
2018-01-03,17:35:06,2259415,523,779,8627,CLO,8.38500
2018-01-03,17:35:06,2259403,523,176,8625,CLO,8.38500
2018-01-03,17:35:06,2259547,538,115,8649,CLO,8.38500
2018-01-03,17:35:06,2259511,531,912,8643,CLO,8.38500
2018-01-03,17:35:06,2259463,527,1600,8635,CLO,8.38500
2018-01-03,17:35:06,2259487,528,4319,8639,CLO,8.38500
2018-01-03,17:35:06,2259559,540,8,8651,CLO,8.38500
2018-01-03,17:35:06,2259427,524,1878,8629,CLO,8.38500
2018-01-03,17:35:06,2259523,531,302,8645,CLO,8.38500
2018-01-03,17:35:06,2259451,526,302,8633,CLO,8.38500
2018-01-03,17:35:06,2259571,546,1592,8653,CLO,8.38500
2018-01-03,17:35:06,2259439,525,190,8631,CLO,8.38500
2018-01-03,17:35:06,2259499,529,1,8641,CLO,8.38500
2018-01-03,17:35:06,2259535,536,75,8647,CLO,8.38500
2018-01-03,17:35:06,2259583,547,4486,8655,CLO,8.38500
2018-01-03,17:35:06,2259677,554,818,8671,CLO,8.38500
2018-01-03,17:35:06,2259748,564,324,8683,CLO,8.38500
2018-01-03,17:35:06,2259618,548,4235,8661,CLO,8.38500
2018-01-03,17:35:07,2259880,15,67,8705,CLO,8.38500
2018-01-03,17:35:06,2259808,573,10,8693,CLO,8.38500
2018-01-03,17:35:06,2259712,558,124,8677,CLO,8.38500
2018-01-03,17:35:06,2259642,551,5372,8665,CLO,8.38500
2018-01-03,17:35:07,2259892,18,199,8707,CLO,8.38500
2018-01-03,17:35:06,2259760,565,1085,8685,CLO,8.38500
2018-01-03,17:35:07,2259820,3,10,8695,CLO,8.38500
2018-01-03,17:35:06,2259630,550,381,8663,CLO,8.38500
2018-01-03,17:35:07,2259904,21,24,8709,CLO,8.38500
2018-01-03,17:35:06,2259688,554,328,8673,CLO,8.38500
2018-01-03,17:35:06,2259724,558,382,8679,CLO,8.38500
2018-01-03,17:35:07,2259832,5,118,8697,CLO,8.38500
2018-01-03,17:35:07,2259916,25,12,8711,CLO,8.38500
2018-01-03,17:35:06,2259772,568,208,8687,CLO,8.38500
2018-01-03,17:35:06,2259666,552,468,8669,CLO,8.38500
2018-01-03,17:35:06,2259606,547,969,8659,CLO,8.38500
2018-01-03,17:35:07,2259928,26,12,8713,CLO,8.38500
2018-01-03,17:35:07,2259844,8,4102,8699,CLO,8.38500
2018-01-03,17:35:06,2259595,547,409,8657,CLO,8.38500
2018-01-03,17:35:06,2259784,572,417,8689,CLO,8.38500
2018-01-03,17:35:07,2259940,31,123,8715,CLO,8.38500
2018-01-03,17:35:06,2259736,562,4092,8681,CLO,8.38500
2018-01-03,17:35:07,2259856,10,14,8701,CLO,8.38500
2018-01-03,17:35:06,2259700,555,818,8675,CLO,8.38500
2018-01-03,17:35:07,2259951,34,95,8717,CLO,8.38500
2018-01-03,17:35:06,2259654,552,2679,8667,CLO,8.38500
2018-01-03,17:35:06,2259796,572,89,8691,CLO,8.38500
2018-01-03,17:35:07,2259868,14,101,8703,CLO,8.38500
2018-01-03,17:35:07,2259962,37,994,8719,CLO,8.38500
2018-01-03,17:35:07,2260247,75,820,8767,CLO,8.38500
2018-01-03,17:35:07,2260058,57,18,8735,CLO,8.38500
2018-01-03,17:35:07,2260129,65,2426,8747,CLO,8.38500
2018-01-03,17:35:07,2259998,44,22,8725,CLO,8.38500
2018-01-03,17:35:07,2260258,76,3494,8769,CLO,8.38500
2018-01-03,17:35:07,2260187,70,513,8757,CLO,8.38500
2018-01-03,17:35:07,2260093,61,104,8741,CLO,8.38500
2018-01-03,17:35:07,2260022,49,36,8729,CLO,8.38500
2018-01-03,17:35:07,2260270,77,543,8771,CLO,8.38500
2018-01-03,17:35:07,2260141,66,91,8749,CLO,8.38500
2018-01-03,17:35:07,2260199,71,226,8759,CLO,8.38500
2018-01-03,17:35:07,2260010,45,30,8727,CLO,8.38500
2018-01-03,17:35:07,2260282,84,1175,8773,CLO,8.38500
2018-01-03,17:35:07,2260070,58,103,8737,CLO,8.38500
2018-01-03,17:35:07,2260105,62,79,8743,CLO,8.38500
2018-01-03,17:35:07,2260211,71,2346,8761,CLO,8.38500
2018-01-03,17:35:07,2260294,102,307,8775,CLO,8.38500
2018-01-03,17:35:07,2260152,67,529,8751,CLO,8.38500
2018-01-03,17:35:07,2260046,55,449,8733,CLO,8.38500
2018-01-03,17:35:07,2259986,43,25,8723,CLO,8.38500
2018-01-03,17:35:07,2260306,105,125,8777,CLO,8.38500
2018-01-03,17:35:07,2260223,73,30,8763,CLO,8.38500
2018-01-03,17:35:07,2259974,41,16,8721,CLO,8.38500
2018-01-03,17:35:07,2260164,68,1725,8753,CLO,8.38500
2018-01-03,17:35:07,2260318,106,486,8779,CLO,8.38500
2018-01-03,17:35:07,2260117,64,2179,8745,CLO,8.38500
2018-01-03,17:35:07,2260235,74,1354,8765,CLO,8.38500
2018-01-03,17:35:07,2260081,60,34,8739,CLO,8.38500
2018-01-03,17:35:07,2260330,109,321,8781,CLO,8.38500
2018-01-03,17:35:07,2260034,52,3106,8731,CLO,8.38500
2018-01-03,17:35:07,2260176,69,409,8755,CLO,8.38500
2018-01-03,17:35:07,2260471,136,2575,8805,CLO,8.38500
2018-01-03,17:35:07,2260589,160,798,8825,CLO,8.38500
2018-01-03,17:35:07,2260518,144,63,8813,CLO,8.38500
2018-01-03,17:35:07,2260413,123,1637,8795,CLO,8.38500
2018-01-03,17:35:07,2260601,162,632,8827,CLO,8.38500
2018-01-03,17:35:07,2260366,115,258,8787,CLO,8.38500
2018-01-03,17:35:07,2260354,113,372,8785,CLO,8.38500
2018-01-03,17:35:07,2260613,165,698,8829,CLO,8.38500
2018-01-03,17:35:07,2260530,146,215,8815,CLO,8.38500
2018-01-03,17:35:07,2260482,138,179,8807,CLO,8.38500
2018-01-03,17:35:07,2260625,167,873,8831,CLO,8.38500
2018-01-03,17:35:07,2260447,130,98,8801,CLO,8.38500
2018-01-03,17:35:07,2260401,122,818,8793,CLO,8.38500
2018-01-03,17:35:07,2260637,169,1048,8833,CLO,8.38500
2018-01-03,17:35:07,2260542,148,409,8817,CLO,8.38500
2018-01-03,17:35:07,2260423,127,230,8797,CLO,8.38500
2018-01-03,17:35:07,2260649,172,893,8835,CLO,8.38500
2018-01-03,17:35:07,2260494,140,409,8809,CLO,8.38500
2018-01-03,17:35:07,2260342,111,420,8783,CLO,8.38500
2018-01-03,17:35:07,2260661,174,723,8837,CLO,8.38500
2018-01-03,17:35:07,2260554,151,409,8819,CLO,8.38500
2018-01-03,17:35:07,2260459,135,808,8803,CLO,8.38500
2018-01-03,17:35:07,2260673,175,4640,8839,CLO,8.38500
2018-01-03,17:35:07,2260389,119,763,8791,CLO,8.38500
2018-01-03,17:35:07,2260565,153,19,8821,CLO,8.38500
2018-01-03,17:35:07,2260685,176,27923,8841,CLO,8.38500
2018-01-03,17:35:07,2260506,143,131,8811,CLO,8.38500
2018-01-03,17:35:07,2260377,117,3380,8789,CLO,8.38500
2018-01-03,17:35:07,2260697,179,1425,8843,CLO,8.38500
2018-01-03,17:35:07,2260577,156,524,8823,CLO,8.38500
2018-01-03,17:35:07,2260435,128,951,8799,CLO,8.38500
2018-01-03,17:35:07,2260709,180,524,8845,CLO,8.38500
2018-01-03,17:35:07,2260779,188,1169,8857,CLO,8.38500
2018-01-03,17:35:07,2260815,191,1048,8863,CLO,8.38500
2018-01-03,17:35:07,2260745,185,3374,8851,CLO,8.38500
2018-01-03,17:35:07,2260721,181,1786,8847,CLO,8.38500
2018-01-03,17:35:07,2260827,192,31,8865,CLO,8.38500
2018-01-03,17:35:07,2260791,189,304,8859,CLO,8.38500
2018-01-03,17:35:07,2260767,187,404,8855,CLO,8.38500
2018-01-03,17:35:07,2260839,194,404,8867,CLO,8.38500
2018-01-03,17:35:07,2260733,184,953,8849,CLO,8.38500
2018-01-03,17:35:07,2260803,190,394,8861,CLO,8.38500
2018-01-03,17:35:07,2260851,196,404,8869,CLO,8.38500
2018-01-03,17:35:07,2260756,185,4301,8853,CLO,8.38500
